,video_id,channel_id,video_title,video_description,video_tags,video_duration,video_published,video_category,video_info_card,video_with_ads,video_end_screen,video_cluster,crawled_date,year,month,day,pre_text
0,JCqgRM-2_GU,UCU-wl-PZYxpWeDl1OIiE_hQ,어머니와 함께 방문 한 15 세 중학생 환자분의 포경수술 영상  (포경 소매법) Circumcision with the sleeve technique.,"수술 적응증 상담 : 010-9190-7575
카카오톡 상담 : gnjurology


*찾아오시는 길
서울특별시 강남구 학동로 203 4F 강남J비뇨기과
(7호선 학동역 8번/9번 출구 도보 1분)

홈페이지 : www.manclinic.com
네이버 블로그 : blog.naver.com/gnjurology
네이버 카페 : cafe.naver.com/gnjurology
이메일 : gnjurology@naver.com","['강남비뇨기과', '박천진', '포경', '포경수술', '귀두포피', '위생관리']",75,2024-10-06,Education,0,0,0,-1,2024-10-07 17:37:39,2024,10,6,어머니와 함께 15 세 중학생 환자분의 포경수술 영상 포경 소매법 Circumcision with the sleeve technique 강남비뇨기과 박천진 포경 포경수술 귀두포피 위생관리  [SEP] Education
1,R0pRp-3S5Yo,UCm69xuysxVgNuRpmXCiXlPw,"YURIAN (유리안) - FUCKING MY CITY 2024 ver. (Ft. Rredrain, Hijvc Kid) 가사(lyrics)","#YURIAN #유리안 #FUCKING_MY_CITY_2024 #Rredrain #하이잭키드#Hijvc_Kid #가사 #lyrics #힙합 #hiphop
✅ 모든영상의 저작권은 해당 래퍼분들에게 있습니다.
✅ 영상제작 문의: ybhiphopgallery@gmail.com

???? 타임라인
00:00 Hook
00:28 YURIAN (유리안)
1:34 Hijvc kid (하이잭 키드)
2:00 Rredrain (레드레인)
2:26 Hook",[],177,2024-10-06,Music,0,0,0,-1,2024-10-07 17:37:57,2024,10,6,YURIAN 유리안 FUCKING MY CITY 2024 ver Ft. Rredrain Hijvc Kid 가사 lyrics  #YURIAN #유리안 #FUCKING #Rredrain #하이잭키드 #Hijvc #가사 #lyrics #힙합 #hiphop [SEP] Music
2,RsVKZrt2DSo,UCVcLszfUBN9rTmc0A0uDRSQ,대리모 사건이 소환한 합법화 논쟁 / KBC뉴스,"불임이나 난임 부부가 브로커에게 돈을 주고 출산을 의뢰한 '대리모 범죄'가 14년 만에 적발됐다는 소식 전해드렸는데요.

이 소식이 알려지자 일부 누리꾼들 사이에서 때아닌 '대리모 합법화' 논쟁이 일기도 했습니다.

대리 출산이 허용될 경우 여성을 출산 도구로 여겨 인권을 침해할 수 있고, 법적 분쟁 같은 부작용도 커 신중한 접근이 필요하다는 지적입니다.

신대희 기자가 보도합니다.

✔ 더 많은 광주·전남 뉴스를 보고 싶다면 KBC뉴스를 '구독' 해주세요

▶KBC 뉴스 홈페이지
https://news.ikbc.co.kr/news/main

▶KBC 뉴스 제보하기
홈페이지 : https://www.ikbc.co.kr/board/edit/jebo
카카오톡 : https://pf.kakao.com/_tBLUxd/chat
전화 : 062-650-3114
팩스 : 062-653-3327

▶KBC 주요뉴스
네이버 : https://media.naver.com/press/660
다음 : https://v.daum.net/channel/133710/home

▶KBC 뉴스 SNS 공식채널
유튜브 : https://www.youtube.com/c/kbc뉴스
페이스북 : https://www.facebook.com/KBCstory/
트위터 : https://twitter.com/KBC__news
인스타그램 : https://www.instagram.com/kbc__news/
틱톡 : https://www.tiktok.com/@kbc__news

▶KBC 광주방송 콘텐츠 링크 모아보기
https://linktr.ee/kbc__news","['kbc', 'kbc광주방송', '깨비씨', 'kbc 뉴스']",158,2024-10-06,News & Politics,0,0,0,-1,2024-10-07 17:38:23,2024,10,6,대리모 사건이 소환한 합법화 논쟁 KBC뉴스 kbc kbc광주방송 깨비씨 kbc 뉴스  [SEP] News & Politics
3,2CpgC1K7jNI,UCxCsxXsJPDMfjcXEEV09m9w,대포죽순이요????푸바오 핸펀몰카사건? 10.6 푸바오 이야기 FUBAO PANDA CUTE ANIMAL,,[],400,2024-10-06,Travel & Events,0,0,0,-1,2024-10-07 17:38:24,2024,10,6,대포죽순이요 푸바오 핸펀몰카사건 푸바오 이야기 FUBAO PANDA CUTE ANIMAL   [SEP] Travel & Events
4,C-jOF1sgdOg,UCYCb_mX7P1xKrB5iaT8y0Wg,"일본에 남겨진 한국의 문화유산【아시아의 숨은 혼, 백제를 가다 Part 2】","0:00 2012년 6월 18일 다카이다야마 고분
1:43 2012년 6월 25일 온돌과 대벽
3:13 2012년 7월 9일 1400년 전 한류 '미마지'
5:06 2012년 7월 16일 백제의 하사품 '칠지도'
7:05 2012년 7월 23일 일본서 만난 백제 목조 불상

2012년 TJB 기획보도 ????아시아의 숨은 혼, 백제를 가다???? 방영본입니다.

===================================
● 영상이 마음에 드셨다면 좋아요, 구독, 공유해주세요
● 뉴스 영상에 대한 모든 저작권은 TJB에 있습니다
===================================

#tjb #자막뉴스 #백제 #일본 #다카이다야마고분 #온돌 #대벽 #미마지 #칠지도 #불상","['TJB', 'tjb', 'tjb대전방송', '엑스포로131', '엑스포로', 'TJB대전방송', '대전방송', '대전충남', '대전광역시', '충청남도', '양세원아나운서', '아나운서', '천안시', '공주시', '태안군', '보령시', '금산군', '서산시', '예산군', '청양군', '아산시', '내포신도시', '홍성군', '부여군', '논산시', '서천군', '당진시', '자막뉴스', '끌올뉴스', '한화이글스', '하나시티즌']",572,2024-10-07,Entertainment,0,0,0,-1,2024-10-07 17:38:24,2024,10,7,일본에 한국의 문화유산 아시아의 숨은 혼 백제를 가다 Part 2 TJB tjb tjb대전방송 엑스포로131 엑스포로 TJB대전방송 대전방송 대전충남 대전광역시 충청남도 양세원아나운서 아나운서 천안시 공주시 태안군 보령시 금산군 서산시 예산군 청양군 아산시 내포신도시 홍성군 부여군 논산시 서천군 당진시 자막뉴스 끌올뉴스 한화이글스 하나시티즌 #tjb #자막뉴스 #백제 #일본 #다카이다야마고분 #온돌 #대벽 #미마지 #칠지도 #불상 [SEP] Entertainment
5,giUtBrfvLJU,UCid3cohbMuIdWmTz_Fk23Vw,김동건변호사 고향사찰 구천면 정수사 다녀갑니다,,[],131,2024-10-06,People & Blogs,0,0,0,-1,2024-10-07 17:38:32,2024,10,6,김동건변호사 고향사찰 구천면 정수사 다녀갑니다   [SEP] People & Blogs
6,e385v0i968k,UCidvkcmgcC600uqGbu-fbMQ,엔믹스 NMIXX - 占 (TANK) | NMIXX CHANGE UP : MIXX LAB (Day3),#nmixx #tank,[],162,2024-10-06,Music,0,0,0,-1,2024-10-07 17:38:33,2024,10,6,엔믹스 NMIXX 占 ( TANK NMIXX CHANGE MIXX LAB Day3  #nmixx #tank [SEP] Music
7,ya-XAGGBSpc,UCLDlamSGPyVt9jB-IgJUdDg,놓치고 싶지 않은 직원들은 서운함 없이 잘 해줘야 합니다,01026941945 김준호,"['글로벌금융판매', '보험회사지점장', '보험', '보험설계사', '보험회사', '김준호지점장', '병원인하우스', '일잘하는사람', '짜웅', '일못하는사람', '특징', '연봉', '직원', '조직', '센스']",295,2024-10-06,People & Blogs,0,0,0,-1,2024-10-07 17:38:33,2024,10,6,않은 직원들은 서운함 글로벌금융판매 보험회사지점장 보험 보험설계사 보험회사 김준호지점장 병원인하우스 일잘하는사람 짜웅 일못하는사람 특징 연봉 직원 조직 센스  [SEP] People & Blogs
8,8HRFrskGuks,UCZE0CrbZaXylHJ36l_kXgSw,"""롤드컵의 페이커는 다릅니다"" 고전파 모드 페이커 사일러스 등장 | 롤 하이라이트 LCK T1 롤드컵","사일러스: 페이커(T1 Faker)

#롤 #리그오브레전드 #t1 #montage #faker #티빠","['롤', '리그오브레전드', 'lol', 't1', '티원', '페이커', 'faker', '매드무비', 'montage', '관전', '하이라이트', 'league of legends', '제우스', '롤드컵', '대상혁', '역천괴', '전당', '역체롤', '세체미', '페블랑', '룰러', '르블랑', '구마유시', '오너', '케리아', '사일러스']",304,2024-10-06,Gaming,0,0,0,-1,2024-10-07 17:38:42,2024,10,6,롤드컵의 페이커는 다릅니다 고전파 모드 페이커 사일러스 등장 롤 하이라이트 LCK T1 롤 리그오브레전드 lol t1 티원 페이커 faker 매드무비 montage 관전 하이라이트 league of legends 제우스 롤드컵 대상혁 역천괴 전당 역체롤 세체미 페블랑 룰러 르블랑 구마유시 오너 케리아 사일러스 #롤 #리그오브레전드 #t1 #montage #faker #티빠 [SEP] Gaming
9,roMXgOBuU8Q,UC2fNt6XqBzBhvty-vmITXXA,운남농협 창립 60주년 기념식 열려[목포MBC 뉴스데스크],"[목포MBC 뉴스]
 운남농협 창립 60주년 기념식과
조합원 한마음축제가 
어제(5) 운남농협 자재센터 앞에서 열렸습니다. 

 이번 행사는 '함께 한 60년, 함께 할 100년'을
주제로 농업 발전에 힘쓴 조합원 등에게
공로패와 감사패, 표창이 전달됐으며
비전 퍼포먼스와 인기가수 축하공연,
경품추첨과 조합원 노래경연 등이 
이어졌습니다.","['목포MBC', 'MBC뉴스', '목포MBC뉴스', '전라남도', '목포시', '지방', '지역', '뉴스데스크', '뉴스투데이', '낭만항구', '유튜브뉴스', '지역방송', 'news', '전남 경제', '지방분권', '전남도청', '전남교육청', '이주노동자', '농업']",25,2024-10-06,News & Politics,0,0,0,-1,2024-10-07 17:38:43,2024,10,6,운남농협 창립 기념식 열려 [ 목포MBC 뉴스데스크 목포MBC MBC뉴스 목포MBC뉴스 전라남도 목포시 지방 지역 뉴스데스크 뉴스투데이 낭만항구 유튜브뉴스 지역방송 news 전남 경제 지방분권 전남도청 전남교육청 이주노동자 농업  [SEP] News & Politics
10,TZQZtxi_JIc,UCEFjztPRGAJe75dDnyawSyg,詩 작법 36,"자유시 습작
시 쓰는 법","['자유시 습작', '시 쓰는 법', '시', '자유시', '현대시', '시쓰기', '시 짓기', '시 작법', '시의 이해', '시 공부', '시 강의', '시 강좌', '시니어학당', '시인', '고두석']",1120,2024-10-06,People & Blogs,0,0,0,-1,2024-10-07 17:38:45,2024,10,6,詩 작법 36 자유시 습작 시 쓰는 법 시 자유시 현대시 시쓰기 시 짓기 시 작법 시의 이해 시 공부 시 강의 시 강좌 시니어학당 시인 고두석  [SEP] People & Blogs
11,2y3SQ2v5IQk,UC3_oS5M6sufpC03eS2L8fPg,[자막뉴스] 홍수에 떠내려가자 '박수' '알박기 염치' 오죽했으면..,#알박기 #캠핑 #sbs뉴스 #알박기 #텐트 #캠핑,[],358,2024-10-06,News & Politics,0,0,0,-1,2024-10-07 17:44:27,2024,10,6,[ 자막뉴스 홍수에 떠내려가자 박수 알박기 염치  #알박기 #캠핑 #sbs뉴스 #알박기 #텐트 #캠핑 [SEP] News & Politics
12,UMnnHdJHx-U,UC3_oS5M6sufpC03eS2L8fPg,"중국 일당에 ""다 들어와""…공포에 떤 유흥가 (자막뉴스)","#범죄도시 #6000 #sbs뉴스 지난 2012년 한국으로 귀화한 중국 연변 출신의 A 씨.

가리봉동 일대를 장악하기 위해 중국에 있던 일당들을 한국으로 불러들였고, 6개 업체를 하나로 통합한 일명 '가리봉협회'라는 조직을 결성한 것으로 조사됐습니다.

영화 '범죄도시' 속 사건이 현실에서 벌어졌습니다. 

자세한 내용은 영상으로 확인하시죠.

#범죄도시 #중국 #조선족",[],354,2024-10-06,News & Politics,0,0,0,-1,2024-10-07 17:44:27,2024,10,6,중국 일당에 다 들어와 공포에 떤 유흥가 자막뉴스  #범죄도시 #6000 #sbs뉴스 #범죄도시 #중국 #조선족 [SEP] News & Politics
13,xLz-nqWD8lw,UC3_oS5M6sufpC03eS2L8fPg,"국힘당 문자 하나로 파장! 지지율 폭락 예정! 장철민, 청탁금지법? 권익위원장에게 물어보니...노종면의원 가만두지 않겠다!",#노종면 #장철민 #sbs뉴스 #장철민 #인요한 #노종면,[],584,2024-10-06,News & Politics,0,0,0,-1,2024-10-07 17:44:27,2024,10,6,국힘당 문자 하나로 파장 지지율 장철민 청탁금지법 권익위원장에게 물어보니 노종면의원 가만두지  #노종면 #장철민 #sbs뉴스 #장철민 #인요한 #노종면 [SEP] News & Politics
14,UDjGTZi934E,UC3_oS5M6sufpC03eS2L8fPg,한국 건물주 된 중국인 여대생...누리꾼 공분한 까닭,"#오클릭 #SBS뉴스 #sbs뉴스 SNS를 통해 오늘(27일) 하루 관심사와 누리꾼들의 반응을 알아보는 〈오! 클릭〉 시간입니다.

중국인들 사이에서 한국에 있는 건물을 매매했다는 인증 글이 꾸준히 올라오고 있는 가운데 우리나라에 유학 온 한 중국인 여대생의 사연이 눈길을 끌고 있습니다.",[],371,2024-10-06,News & Politics,0,0,0,-1,2024-10-07 17:44:27,2024,10,6,한국 건물주 된 중국인 여대생 누리꾼 공분한 까닭  #오클릭 #SBS뉴스 #sbs뉴스 [SEP] News & Politics
15,VTiODAvtK8A,UC3_oS5M6sufpC03eS2L8fPg,"강유정의원 질의도중 불순한태도 보이는 총무비서관!...오늘 처음으로 한마디하는 박찬대, 박성준!",#박찬대 #강유정 #sbs뉴스 #강유정 #박찬대 #총무비서관,[],616,2024-10-06,News & Politics,0,0,0,-1,2024-10-07 17:44:27,2024,10,6,강유정의원 질의도중 불순한태도 보이는 총무비서관 처음으로 한마디하는 박찬대 박성준  #박찬대 #강유정 #sbs뉴스 #강유정 #박찬대 #총무비서관 [SEP] News & Politics
16,lOOJIrVUXP8,UC3_oS5M6sufpC03eS2L8fPg,이곳에 갇혀 죽을 날만 기다립니다' 북한 내부 주민과의 비밀 인터뷰,"#북한 #sbs뉴스 세 명의 북한 주민들은 BBC와의 독점 비밀 인터뷰를 통해 전 세계에 북한의 상황에 대해 알리고자 한다.

지도자 김정은의 폭정 아래 북한 주민들은 외부인과 대화를 나누거나 접촉하는 것이 금지돼 있다.",[],373,2024-10-06,News & Politics,0,0,0,-1,2024-10-07 17:44:27,2024,10,6,이곳에 죽을 북한 내부 주민과의 비밀 인터뷰  #북한 #sbs뉴스 [SEP] News & Politics
17,lIQ8e_Tux6A,UC5_LWTF7yeQcjwLwS5Q3Dtw,엄마의 파이 재료 모으기 비밀을 밝혀내요!,"올리버와 아담은 엄마가 파이 재료를 모으는 것을 도와줘요. 맛있는 홈메이드 디저트를 만들기 위해 계란과 우유를 찾아 농장으로 가는 모습을 지켜보세요! 아이들을 위한 재미있고 교육적인 경험이예요!
@dianaandromakor    다이애나 로마
@KidsDianaShow   
https://www.instagram.com/kidsdianashow/
https://www.instagram.com/kidsromashow
https://www.facebook.com/KidsDianaShowOfficial/
https://www.facebook.com/KidsRomaShow
00:00 엄마의 파이 재료 모으기 비밀을 밝혀내요!
04:14 다이아나와 로마가 엄마가 하는 음식 요리를 도와줘요","['다이아나', 'diana and roma', 'roma and diana', 'diana', 'roma', '로마', 'kids play', 'kids toys', 'pretend play', 'toys', 'kids', 'playing', 'video for kids', 'funny for kids', 'fun', '다이아나와 로마', 'diana and roma korean']",441,2024-10-06,Entertainment,0,0,0,-1,2024-10-07 17:44:27,2024,10,6,엄마의 파이 재료 모으기 비밀을 밝혀내요 ! 다이아나 diana and roma roma and diana diana roma 로마 kids play kids toys pretend play toys kids playing video for kids funny for kids fun 다이아나와 로마 diana and roma korean  [SEP] Entertainment
18,joFQ4NflnIA,UC6_a4jw97wKD7IDR6T6Hg-Q,#제19회함양산삼축제 #산막페스티벌 #초청가수#이효진,,[],929,2024-10-06,People & Blogs,0,0,0,-1,2024-10-07 17:44:27,2024,10,6,산막페스티벌 초청가수 이효진   [SEP] People & Blogs
19,x6ZLUD-Aaow,UC8_XcJbWgy6PMw9bIbNkrhw,[1080P] ????叔叔多次強姦姪女，最終被人砍死???? Full Movie Version丨白柳汐丨齐丽格尔丨祝宏波丨家庭丨都市丨愛情丨中國電視劇,"????欢迎订阅我的频道
Subscribe for more Videos:https://www.youtube.com/@W4tchEveryDay

Chinese Television Dramas丨都市言情丨都市偶像丨古装甜宠丨家庭伦理丨青春校园丨霸道总裁丨大陆电视剧丨出色中国电视剧丨好看中国电视剧丨中国电视剧2024丨精选电视剧丨短视频丨多语种字幕

天天都有好剧看！
There are bueautiful dramas to watch every day!",[],4059,2024-10-06,Film & Animation,0,0,0,-1,2024-10-07 17:44:28,2024,10,6,[ 1080P 叔叔多次強姦姪女 最終被人砍死 ? ? ?? Full Movie Version丨白柳汐丨齐丽格尔丨祝宏波丨家庭丨都市丨愛情丨中國電視劇   [SEP] Film & Animation
20,4coddol-EWM,UCc_JZODO1HZPcQvzy8lt2sw,골프가운 추천 판매순위 Top10 || 가격 평점 후기 비교,"❤️❤️❤️요즘 가장 많이팔린 골프가운 추천❤️❤️❤️

 #골프가운추천 #골프가운가격 #골프가운후기 #가성비골프가운 #골프가운순위

[00:01]
10위. #힙앤바디 목욕 샤워가운 M, 네이비, 1개   [9,780원]
????구매정보????https://link.coupang.com/a/bSkg2z

[00:06]
9위. #포시즌 프리미엄 샤워가운, 블랙, 1개   [16,950원]
????구매정보???? 품절되었어요!

[00:11]
8위. #이라인 여성용 큐티마이펫 실크 끈 골프가운   [27,800원]
????구매정보???? 품절되었어요!

[00:16]
7위. #씨엘스토리 여성용 골프 샤워가운   [28,900원]
????구매정보???? 품절되었어요!

[00:21]
6위. #타키타키 고급 벨벳 골프 샤워가운, 화이트, 1개   [9,900원]
????구매정보????https://link.coupang.com/a/bSkg2w

[00:26]
5위. #미스벨라 실크 골프가운 플라워 기모노 샤워가운   [18,900원]
????구매정보???? 품절되었어요!

[00:31]
4위. #나인아워즈 100% 인증원단 국내제작 친환경 인증 원단 여성 원마일 판초형 샤워가운, 네이   [39,900원]
????구매정보????https://link.coupang.com/a/bSkg2v

[00:36]
3위. #실크 샤워가운 골프 라운딩 목욕 호텔 샤워 랩가운 [고급원단 국내제작], 1개, 그레이   [47,000원]
????구매정보????https://link.coupang.com/a/bSkg2t

[00:41]
2위. #뷰홈 베이직 골프 샤워가운, 베이지, 1개   [15,420원]
????구매정보????https://link.coupang.com/a/bSkg2r

[00:46]
1위. #골프 샤워가운 목욕 슬립웨어 랩 고급 까운   [27,400원]
????구매정보???? 품절되었어요!


 ❤️ 원하시는 상품이 품절되었다면 아래 링크를 참조해주세요! ❤️
구매정보????https://link.coupang.com/a/bSkg1K





*구매 시점에따라 약간의 가격변동이 있을 수 있습니다.
*파트너스 일환으로 일정액의 수수료가 지급될 수 있으며, 앞으로 추천/리뷰에 쓰일 비용에 활용됩니다.*업체와 직접적인 제휴 없이 순수 랭킹순, 판매량으로 선정한 순위 입니다.",[],62,2024-10-07,People & Blogs,0,0,0,-1,2024-10-07 17:44:28,2024,10,7,골프가운 추천 판매순위 Top10 가격 평점 후기  #골프가운추천 #골프가운가격 #골프가운후기 #가성비골프가운 #골프가운순위 #힙앤바디 #포시즌 #이라인 #씨엘스토리 #타키타키 #미스벨라 #나인아워즈 #실크 #뷰홈 #골프 [SEP] People & Blogs
21,3Lm4-hY4FLw,UCG_wXa6Uzo9AtpvdLSvlOQQ,GD&TOP - 집에 가지마 [GD&TOP] / 가사 Audio Lyrics,"GD & TOP

2010년 11월 28일 ‘MAMA’ 시상식의 하이라이트는 단연 빅뱅의 지 드래곤(이하 GD)-탑(이하 TOP)-태양이 함께한 무대였다. 그들은 빅뱅의 전부가 아니었지만, 마치 멤버 개개인이 그 자체로 ‘빅뱅’이라 해도 좋을 만큼 엄청난 존재감을 뿜어냈다. 세 사람은 ‘MAMA’의 특별 무대 중에서도 가장 길고 다채로운 무대를 선보였고, GD & TOP이 발표한 신곡 “뻑이 가요”는 이렇다 할 무대 장치나 안무도 없이 넓게 펼쳐진 무대 위에서 두 사람의 즉흥적인 퍼포먼스만으로도 열광적인 환호를 끌어냈다. “뻑이 가요”의 발표와 함께 예고된 GD와 TOP의 유닛 앨범이 발표 전부터 가요계의 관심을 집중시킨 이유다. 지난 2년 사이 빅뱅은 단 한 장의 미니 앨범이나 정규 앨범도 발표하지 않았다. 하지만 그 사이 멤버들은 솔로 활동을 통해 빅뱅의 영토를 더욱 크게 넓혔다.

’MAMA’의 세 사람이 지난 2년 동안 거둔 성과를 보라. 태양은 첫 미니 앨범 [HOT]로 음악성만을 심사 기준으로 삼는 제 6회 한국대중음악상 소울&R&B부문 최우수 음반상을 수상했다. GD의 솔로 앨범 [Heartbreake]는 지난해 최고의 음반판매량을 기록한 앨범 중 한 장이었고, 파격적인 패션 스타일과 퍼포먼스로 솔로로도 가요계의 한 가운데 있었다. TOP은 ‘포화속으로’를 통해 올해 청룡영화상 신인 남우상을 받았다. GD & TOP의 유닛 앨범은 빅뱅의 멤버 중 두 명이 앨범을 내는 것이 아니라 두 톱스타의 콜라보레이션에 가깝다. 요즘 흔히 쓰는 말로 ‘미친 존재감’을 지진 두 사람이 빅뱅과도, 두 사람의 솔로 작업과도 다른 시너지를 일으킨 결과물이 GD & TOP 유닛이다.

빅뱅과도, 솔로활동과도 다른 GD & TOP의 시너지 GD & TOP의 앨범은 싱어송 라이터인 두 사람이 결합되면서 폭발적인 에너지를 낸다. 이 앨범은 마치 두 사람이 작정하고 만든 ‘지상 최대의 쇼’를 보는 것 같은 기분이다. “뻑이 가요”와 함께 트리플 타이틀곡인 “High high”와 “Oh yeah”는 듣는 사람들을 거대한 무대의 한 가운데로 안내한다. 쿵쿵 울려대는 하우스 리듬과 몽환적으로 공간을 채우는 두 사람의 목소리는 단지 사람들을 즐겁게 만드는 댄스 곡에서 머물지 않고 사람들이 미친듯이 춤을 추게 만드는 대규모 클럽, 또는 공연장의 모습을 상상하게 만든다. “high high”와 “Oh yeah” 는 일렉트로니카와 힙합의 결합으로서 남녀노소 모두 접근할 수 있는 대중적인 음악이다. 모든 걸 해탈하듯 사람들을 공연장의 분위기로 몰입시키고, “Oh yeah”에서 그 규모를 더욱 키워 야외에서 모든 사람들이 그들을 향해 환호하는 것 같은 느낌을 준다.

또한 한 남자로서 여성을 유혹하고, 사랑에 빠진다는 내용의 “집에 가지마”와 “Baby good night”으로 이어지는 스토리텔링에 가까운 곡의 구성은 그들의 강렬한 존재감과 캐릭터가 있기에 가능한 일로서 자신들의 스타성과 존재감을 분명하게 확인시키는 음악들을 들려주고 있다. 빅뱅, 더 크게 돌아온다. GD & TOP의 막강한 두 뮤지션의 결합은 2년 만에 돌아오는 빅뱅의 시작을 알리는 축포라 할 수 있다. GD & TOP 출격 뒤에 곧바로 이어질 승리의 솔로 활동 역시 빅뱅의 활동 연장선상에 있다. 솔로 활동을 통해 한국을 대표하는 R&B 뮤지션으로 성장한 태양까지…… 그들은 각자 솔로 활동을 통해 괄목할만한 결과를 만들어 내었지만 그들에게는 언제나 빅뱅의 멤버라는 자부심이 먼저이다. GD & TOP 앨범이 중요한 이유가 여기 있다. 태양이 빅뱅과는 다른 솔로 뮤지션으로서 빅뱅 멤버의 재능을 보여줬다면, GD & TOP은 또 다른 방식으로 빅뱅 안의 음악적 스타일을 선보이고 있기 때문이다. 재능 있는 다섯 명의 멤버들이 뭉쳐있기에 가능한 이름 빅뱅 ….2011년 2월1일……그들의 이름처럼 다시 한번 국내 가요계의 대 폭발을 예고하고 있다.



※ 본 영상은 가사 자막 영상입니다. 
  ????영상을 통해 수익은 창출되지 않으며, 광고 재생 시 저작권자에게 광고에 대한 수익이 돌아갑니다.

#지드래곤 #지디 #탑 #G_DRAGON #GD #TOP #집에_가지마 #kpop #랩 #힙합 #가사 #자막 #신곡","['음악', 'music', 'MUSIC', '365MUSIC', '365뮤직', '최신음악', '최신곡', '2022', 'kpop', '가사', '노래', '플레이리스트', '1시간', '발라드', '힙합', '메탈', 'OST', '알앤비', 'R&B', '소울', 'Soul', '인디음악', '포크', '댄스', 'playlist']",198,2024-10-06,Music,0,0,0,-1,2024-10-07 17:44:29,2024,10,6,GD&TOP 집에 가지마 [ GD&TOP 가사 Audio Lyrics 음악 music MUSIC 365MUSIC 365뮤직 최신음악 최신곡 2022 kpop 가사 노래 플레이리스트 1시간 발라드 힙합 메탈 OST 알앤비 RB 소울 Soul 인디음악 포크 댄스 playlist #지드래곤 #지디 #탑 #G #GD #TOP #집에 #kpop #랩 #힙합 #가사 #자막 #신곡 [SEP] Music
22,7XUB6oU4JGE,UCj_TmVnl7lHqphwbHZvHwBA,사랑의 종소리 (4부합창) 테너 tenor 3번듣기,,"['사랑의 종소리', '김석균', '특송찬양', 'ccm성가', '복음성가']",815,2024-10-06,Music,0,0,0,-1,2024-10-07 17:44:30,2024,10,6,사랑의 종소리 4부합창 테너 tenor 3번듣기 사랑의 종소리 김석균 특송찬양 ccm성가 복음성가  [SEP] Music
23,TvXBWBw4m9U,UCl_4qPLlyz_BZn7wSTHz5sg,ЗАЙШЛИ В ОКОП І ВЗЯЛИ ГРАНАТИ: двоє окупантів вирішили самостійно завершити свій штурм,"Повне відео без цензури: https://t.me/k_2_54/372
Вступити в Батальйон К-2: https://k-2.army
Станьте спонсором цього каналу, щоб отримувати бонуси:
https://www.youtube.com/channel/UCl_4qPLlyz_BZn7wSTHz5sg/join

Група російських окупантів висунулася на штурм наших позицій. Піхота Батальйону К-2 була напоготові і одразу відкрила стрілецький вогонь, як тільки ворог зайшов у зону видимості. Ходити пішки через чисте поле в лобову до наших позицій для ворога суворо заборонено та карається штрафними санкціями у вигляді FPV-дронів та скидів, і окупанти відчули це на собі. Рештки штурмової групи, які дісталися кіллзони у нашому окопі очікувала розв'язка із драматичним фіналом. 

Двоє окупантів, зрозумівши, що штурм провалений, а їхня група розбита, вирішили, що найкращим рішенням у цій ситуації стане парне самогубство. Однак і тут росіянам не пощастило, проте на допомогу прийшов їхній товариш, який допоміг росіянам здійснити їхнє бажання.

Відео опубліковане у зв'язку із документуванням та висвітленням бойових дій у російсько-українській війні.

Підтримати нас:
PayPal: vova.golovko199985@gmail.com                                                           
Monobank: 5375411204455252 Головко Володимир Ігорович
Монобанка: https://send.monobank.ua/jar/28o1edDVvu   
Patreon: http://www.patreon.com/k254ombr
Криптовалюта: BTC bc1q2ruxf4pl3knwuahq6keeqlechgvnul4ry4ztpd
ETH 0x029775aFF1e69a6229eFdf14D5569479351D7BA4
USDT trc-20 TVN7eam8KZQgUhsyEoG8Fz58CXjYQZMqiB

Підписатися:
Telergram: https://t.me/k_2_54
Facebook: https://www.facebook.com/K2.54OMBr?mi...   
Instagram: https://www.instagram.com/k2bat54ombr/
Youtube: https://www.youtube.com/channel/UCl_4....

Відео на даному каналі є власністю каналу ""Бойова група К-2 54 ОМБр"". Ми дозволяємо його використання виключно за правилами Fair Use на платформі YouTube. У всіх інших випадках звертайтесь на офіційну пошту підрозділу - k2bat54ombr@gmail.com. В іншому випадку ваше відео буде заблоковане.","['к-2', 'Майор Кирило Верес', 'Кирило Верес', 'K-2 Battalion', 'східний фронт', 'ситуація на передовій', 'ситуація на фронті', '54 омбр зсу', '54 окрема механізована бригада', '54 омбр', '54 бригада', 'зсу', 'к2 батальйон', 'к 2', 'k2 battalion']",375,2024-10-06,People & Blogs,0,0,0,-1,2024-10-07 17:44:30,2024,10,6,ЗАЙШЛИ В ОКОП І ВЗЯЛИ ГРАНАТИ : двоє окупантів вирішили самостійно завершити свій штурм 2 K2 Battalion 54 54 54 54 2 2 k2 battalion  [SEP] People & Blogs
24,Ijn3kY4qkPE,UCQ_JBRjgta13ZUEhcIJGafg,리플 CEO 비공개 회의에서 발표한 대형 프로젝트! #리플 #리플코인 #리플전망,"※ 무료로 정보 제공해 드리고 있습니다.
▶010-5882-7828  문자로 숫자[ 2 ] 만 보내주세요.

모든 정보는 100% 무료로 공유해드리고 있으니
구독/좋아요 부탁드립니다.


*본 영상에서 제공되는 모든 정보는 투자판단에 대한 참고용 일 뿐, 해당 정보의 상승과 하락 그리고 수익,손실에 대해서 절대 보장하지 않으며, 모든 투자판단은 투자자 본인에게 있습니다.

#비트코인 #이더리움 #솔라나 #리플 #도지코인 #시바이누 #미나 #비트코인시세 #알트코인추천 #던프로토콜 #이더리움시세 #비트코인하는법 #코인분석 #코인단타 #비트코인채굴 #리플코인 #코인베이스 #비트코인전망 #비트코인단타 #코박토큰 #모스코인 #스트라이크코인 #펀디엑스 #휴먼스케이프 #메타디움 #메디블록 #세럼 #그로스톨코인 #디마켓 #웨이브코인 #휴먼스케이프 #페이코인 #엘프 #센티넬프로토콜 #칠리즈 #폴카닷 #파워렛저 #플레이댑 #하이브 #엑시인피니티 #NFT","['리플', '리플코인', '리플전망']",570,2024-10-06,Music,0,0,0,-1,2024-10-07 17:44:30,2024,10,6,리플 CEO 비공개 회의에서 발표한 대형 프로젝트 ! 리플 리플코인 리플전망 리플 리플코인 리플전망 #비트코인 #이더리움 #솔라나 #리플 #도지코인 #시바이누 #미나 #비트코인시세 #알트코인추천 #던프로토콜 #이더리움시세 #비트코인하는법 #코인분석 #코인단타 #비트코인채굴 #리플코인 #코인베이스 #비트코인전망 #비트코인단타 #코박토큰 #모스코인 #스트라이크코인 #펀디엑스 #휴먼스케이프 #메타디움 #메디블록 #세럼 #그로스톨코인 #디마켓 #웨이브코인 #휴먼스케이프 #페이코인 #엘프 #센티넬프로토콜 #칠리즈 #폴카닷 #파워렛저 #플레이댑 #하이브 #엑시인피니티 #NFT [SEP] Music
25,_ENrx5G-FRE,UCt_9KcmJbBoVVYCdH38_ubA,解けたら【天才】クイズ【2】,,[],59,2024-10-06,People & Blogs,0,0,0,-1,2024-10-07 17:44:31,2024,10,6,解けたら 天才 クイズ 2   [SEP] People & Blogs
26,RcnQBx_xwhE,UCu_WimUjA1pettDKHbPcs3A,둘이서함께(신곡)~안영환//평화음악예술단 공연..,,[],215,2024-10-06,People & Blogs,0,0,0,-1,2024-10-07 17:44:32,2024,10,6,둘이서함께 ( 신곡 ~ 안영환 평화음악예술단 공연   [SEP] People & Blogs
27,SxoiIj5leQU,UCv_WRAmMl8M96g9HLTMIVLg,새티스팩토리 1.0ver 자동화 크래프팅 #26 원형바닥 및 9티어재료만들기!!,"안녕하세요 군단입니다^^- 업로드 시간 16:00(오후4시)
이번에는 새로운 생존 크래프팅게임!!!  
새티스팩토리 Satisfactory  건설 자동화 크래프팅 게임 입니다!!

재미있게 즐겨주세요~~
구독과 좋아요는 저에게 아주 큰힘이 됩니다


#군단,#생존,#크래프팅,

채널에 가입하여 혜택을 누려보세요.
https://www.youtube.com/channel/UCv_WRAmMl8M96g9HLTMIVLg/join","['군단', '생존', '크래프팅']",3116,2024-10-06,Gaming,0,0,0,-1,2024-10-07 17:44:31,2024,10,6,새티스팩토리 1.0ver 자동화 크래프팅 # 26 원형바닥 및 9티어재료만들기 군단 생존 크래프팅 #군단 #생존 #크래프팅 [SEP] Gaming
28,xeOtPraiSu8,UCW_sK5DhbQ2I47Ny4q7OukA,108.유동부채-분개07.급여지급시원천징수(예수금),교재는 로그인 전산회계1급 기본서입니다.,"['1분강의', '전산세무', '전산회계', 'FAT', 'TAT', 'login', '전산세무2급', '에센스전산세무', 'TAT2급', '핵심요약']",69,2024-10-06,Education,0,0,0,-1,2024-10-07 17:44:31,2024,10,6,108 . 유동부채-분개07 . 급여지급시원천징수 예수금 1분강의 전산세무 전산회계 FAT TAT login 전산세무2급 에센스전산세무 TAT2급 핵심요약  [SEP] Education
29,VA6k3nNxK7g,UCX_iQgWNiYx4H4DVzKCPGfg,[2024.10.06] 나 턴제 좋아하나봐; 림버스 왜 재밌는데,"치지직 : https://chzzk.naver.com/010379f20da3ec9249bfe0bbdcb05762
편집본 : https://www.youtube.com/@komuki_cut",[],16464,2024-10-06,People & Blogs,0,0,0,-1,2024-10-07 17:44:31,2024,10,6,[ 2024 나 턴제 좋아하나봐 림버스 왜 재밌는데   [SEP] People & Blogs
30,VQPsAgYfL9s,UC2-n_ztg5v87SacVM1T63lQ,????Vlog Semifinal KOVO Cup Tongyeong |Vlog nontonlangsung Red Sparks vs HYUNDAI ????,,[],1283,2024-10-06,Music,0,0,0,-1,2024-10-07 17:44:33,2024,10,6,Vlog Semifinal KOVO Cup Tongyeong Vlog nontonlangsung Red Sparks vs HYUNDAI   [SEP] Music
31,QmCvDre8c6U,UCa-44m_iCwkcymmL0jBU9rA,RAP HOUSE Vol.33 Recap,"DATE: 2024.09.20

LINE UP : DON MALIK, SINCE, Tray B, Yang Kyle, KING SOUTH G, 1퍼센트


Video by Dearliar
Presented by The Quiett",[],941,2024-10-06,Music,0,0,0,-1,2024-10-07 17:44:33,2024,10,6,RAP HOUSE Vol 33 Recap   [SEP] Music
32,Fu_s6rMwl-Q,UCA-TqsUqAL-c14stpFKbpWw,푸바오 근황 ????환호하는???? 중국 한국 일본 푸덕이들! 탕사육사의 세심한 배려 그리고 쉬샹에겐 무슨 일이 있었나? 암튼 푸바오는 좋아진다! #탕사육사,"푸바오 근황 ????환호하는???? 중국 한국 일본 푸덕이들! 탕사육사의 세심한 배려 그리고 쉬샹에겐 무슨 일이 있었나? 암튼 푸바오는 좋아진다!
????푸애짱 채널 회원 가입???? https://www.youtube.com/channel/UCA-TqsUqAL-c14stpFKbpWw/join

오늘도 중국 국경절 휴일을 맞아 수많은 푸덕이들이 푸바오를 찾았어요. 

특히나 중국 푸덕이와 일본 푸덕이 분이 푸바오를 보며 사랑한다고 외쳐주시는데 정말 감동이었어요

이뻐이뻐 푸바오~ 이 모습도 정말 감사합니다.

탕사육사님이 오늘도 푸바오 식사와 간식을 챙겨주셨는데, 정말 세심한 분이더군요. 점수 업 업!!

오후에 쉬샹사육사에게는 무슨 안좋은 일이 있었나봐요

그래두 탕사육사와 쉬샹사육사가 우리 푸바오 잘 챙겨주는 모습을 보여주셨어요

조금씩 예전의 활발했던 푸바오의 모습으로 돌아가고있는 것 같아서 기분 좋습니다


????채널 후원 계좌????
하나 57891005812107 허????정
여러분의 소중한 후원은 영상제작과 채널활동에 큰 힘이되요. 감사합니다


????▶이 영상의 저작권자 분이라면 이 글을 꼭 읽어주세요◀????

????저는 푸바오의 현지 소식을 전하기위해 중국 싸이트 여러군데를 검색해서 중국 푸덕이 분이 올린 영상을 가져와 출처를 밝히고 영상을 올려드리고 있어요. 

그런데 저번에 가져왔던 영상 중 1개에 문제가 있었어요. 중국 푸덕이님이 국내 유투버의 영상에서 가져온 것을 제가 모르고 가져오게되어 유투브 측으로부터 저작권 경고를 1회 받게되었어요.

메일의 내용을 읽어보니 저작권 경고의 경우 총 3회가 되면 채널이 닫힐 수 있다는 무서운 이야기를 들었어요

혹시나 이 영상의 저작권자분이 국내 유투버이시라면 노여워하지마시고 aipubao@gmail.com으로 메일을 보내주시면 확인하는데로 메일을 통해 요구하시는데로 조치를 취하도록 할께요

부탁드립니다... 감사합니다.

[배경음악 출처]
Music provided by 브금대통령
Track : 공놀이 https://www.youtube.com/watch?v=Kfzu8jlFp3I
Track : 딱따구리 - https://www.youtube.com/watch?v=gm7u5qrYSH0Track : Falling Blossoms - https://youtu.be/WjouTMIwfy0?si=DxLz4hU7bXqbFLLG

#탕사육사 #푸바오 #할부지  #푸덕이  #중국국경절 
#푸바오나무 #푸바오소식 #푸바오근황 #PANDA #팬더","['푸바오', '푸바오 중국', '판다', '동물', '팬더', '최신 근황', '푸바오 최신 근황', 'fubao', '푸바오중국', '웨이보', '자이언트 판다', '자이언트 판다 보호 연구센터', '선수핑기지', '선수핑 기지', '최신근황', '연구센타', '푸바오 방사장', '푸바오 실시간', '푸바오 야외방사장', '푸바오 오늘', '푸바오 기특해', '푸바오 근황', '푸바오 소식', '푸바오 실시간 영상', '푸바오 라이브', '푸바오 컨디션', '푸바오 먹방', '할부지', '푸바오 나무', '탕사육사', '선수핑 관람객', '선수핑 중국 국경절', '중국 국경일', '국경일 관람객', '선수핑관람', '쉬샹사육사', '쉬샹바오', '쉬샹', '중국푸덕이', '한국푸덕이', '일본푸덕이']",486,2024-10-06,Pets & Animals,0,0,0,-1,2024-10-07 17:44:34,2024,10,6,푸바오 중국 한국 일본 푸덕이들 탕사육사의 배려 쉬샹에겐 일이 푸바오는 탕사육사 푸바오 푸바오 중국 판다 동물 팬더 최신 근황 푸바오 최신 근황 fubao 푸바오중국 웨이보 자이언트 판다 자이언트 판다 보호 연구센터 선수핑기지 선수핑 기지 최신근황 연구센타 푸바오 방사장 푸바오 실시간 푸바오 야외방사장 푸바오 오늘 푸바오 기특해 푸바오 근황 푸바오 소식 푸바오 실시간 영상 푸바오 라이브 푸바오 컨디션 푸바오 먹방 할부지 푸바오 나무 탕사육사 선수핑 관람객 선수핑 중국 국경절 중국 국경일 국경일 관람객 선수핑관람 쉬샹사육사 쉬샹바오 쉬샹 중국푸덕이 한국푸덕이 일본푸덕이 #탕사육사 #푸바오 #할부지 #푸덕이 #중국국경절 #푸바오나무 #푸바오소식 #푸바오근황 #PANDA #팬더 [SEP] Pets & Animals
33,3pIH1jXHtm0,UCC-7WT5OUalgt7y0zX9mcYQ,간단 플레이 후기 - 사일런트 힐 2 리메이크 [ 그래서 할만함? ],"＊간단 플레이 후기는 스토리 스포일러를 최대한 자제하고 있습니다

00:00 후기 시작
00:14 명작 사일런트 힐 2 가 돌아왔다
00:33 블루버 팀 그들은 누구인가
01:02 사일런트 힐 2 전제
01:59 마을에 도착하면 먼저 해야할 것
02:27 우드사이드 아파트로 진입하게 되면 또 반기는 퍼즐들
03:28 사일런트 힐 2 는 호러 서바이벌이다
04:06 하지만 전투 메커니즘은 투박하게 느껴진다
04:33 결론
05:07 사일런트 힐 2 리메이크 삼각두 초반 보스전 플레이 클립

음악 사용
- 사일런트 힐 2 OST 사용

영상 내 덧글로 자신의 의견을 충분히 제시할 수 있지만 영상 업로더를 향한 비난 및 공격적인 덧글은 하지 말아주시길 바랍니다

구독과 추천은 빅비에게 큰 힘이 됩니다

- GAME COLOR 는 다양한 최신 게임 소식과 리뷰 그리고 플레이 영상 등이 올라가는 채널입니다

GAME COLOR 멤버십 가입 - https://www.youtube.com/channel/UCC-7WT5OUalgt7y0zX9mcYQ/join

GAME COLOR 블로그 - https://blog.naver.com/fbgmlwo25

GAME COLOR 유튜브 구독 하기 - https://bit.ly/3fMQSL5

공식 스팀 큐레이터 https://store.steampowered.com/curator/45148557-GAME-COLOR

공식 포스트 https://post.naver.com/my.naver?memberNo=6168473

게임 플레이 클립 위주 채널 https://www.youtube.com/channel/UCH0Q1AmUQ1DFMP5b3edwxxA

빅비 후원 https://toss.me/%EC%97%90%EB%94%94%ED%84%B0%EB%B9%85%EB%B9%84

#빅비 #게임 #사일런트힐2","['빅비', '게임', '사일런트힐2']",598,2024-10-06,Gaming,0,0,0,-1,2024-10-07 17:44:34,2024,10,6,간단 플레이 후기 사일런트 힐 2 리메이크 그래서 할만함 빅비 게임 사일런트힐2 #빅비 #게임 #사일런트힐2 [SEP] Gaming
34,WQmuogbW0II,UCi-0jmyw3x6efk090BAVfxA,"피오라 벽 제대로 느끼게 해주는 ""이렐킹식 Q평Q""","이렐킹 생방송 / ▷https://chzzk.naver.com/993db7ed89d68093a278b094812490f5
문의 메일 : ireliaking2@gmail.com
─────────────────────────────────────────
CPU : AMD RYZEN 7 5800X
그래픽 카드 (GPU) : RTX 3070TI
RAM : 32GB
마우스 (Mouse) : Logitech G PRO 유선 (정확도 향상 체크, 윈도우 감도 중간)
마우스 패드 (Mouse pad) : 스틸시리즈 QCK Heavy
키보드 (Keyboard) : Leopold fc750r brown switch (갈축)
모니터 (Monitor) : 한성컴퓨터 TFG24F24T / 한성컴퓨터 Ultron 2457C 커브드 144Hz
마이크 (Mic) : TSG GM200U
─────────────────────────────────────────
색약모드 : on, 품질 : 중간, 그림자 (Shadow) : off
Dpi : 1000, 인게임 감도 (Mouse speed) : 45, 마우스 크기 (Cursor size) : 10
자동 공격 (Auto Attack) : off
인터페이스 크기 (HUD Scale) : 25
채팅창 크기 (Chat Scale) : 50
미니맵 크기 (Minimap Scale) : 43
─────────────────────────────────────────
OPGG 전적검색 : https://bit.ly/3IhEyk1
FOW.KR 전적검색 : https://bit.ly/3phFyx7
─────────────────────────────────────────
INTRO - Vosai & Facading - Fighting Fire (ft. Linn Sandin) [NCS Release]","['이렐리아', '이렐리아 매드무비', '이렐리아 스킨', '이렐리아 강의', '이렐리아 콤보', '이렐킹', '이렐리아 템트리', '이렐킹 매드무비', '이렐킹 유튜브', '챌린저', '이렐리아 장인', 'irelia', 'irelia montage', 'irelking', 'korea', 'challenger', 'kr challenger', '이렐리아 룬']",936,2024-10-06,Gaming,0,0,0,-1,2024-10-07 17:44:35,2024,10,6,"피오라 벽 제대로 해주는 "" 이렐킹식 Q평Q 이렐리아 이렐리아 매드무비 이렐리아 스킨 이렐리아 강의 이렐리아 콤보 이렐킹 이렐리아 템트리 이렐킹 매드무비 이렐킹 유튜브 챌린저 이렐리아 장인 irelia irelia montage irelking korea challenger kr challenger 이렐리아 룬  [SEP] Gaming"
35,9m7hBp5eSl0,UCJ-GefznVfboKdsJYJtUC5Q,コサキンが語る欽ちゃん、堂本光一さん、田中邦衛さん、大滝秀治さん,"▼小堺一機さんの「SING SING SING &TALK!!」詳細はこちらからどうぞ
↓↓↓
https://www.cottonclubjapan.co.jp/jp/sp/artists/kosakaikazuki/

関根勤チャンネルの名場面をダイジェストで見やすく編集して投稿しています。面白かったらSNSにて是非シェアを
お願い申し上げます。
よろしければチャンネル登録・高評価もよろしくお願いいたします。

関根勤チャンネルはこちら
↓↓↓↓
https://youtube.com/channel/UCN_D8TNbHKJOcWmnly5cBBQ","['関根勤', '切り抜き', '関根勤チャンネル', 'ゴルフ', '明石家さんま', 'タモリ', 'ダウンタウン', '松本人志', 'kirinuki']",1581,2024-10-06,People & Blogs,0,0,0,-1,2024-10-07 17:44:35,2024,10,6,コサキンが語る欽ちゃん 堂本光一さん 田中邦衛さん 大滝秀治さん kirinuki  [SEP] People & Blogs
36,UJYorCpeAyc,UCn-SY9fiqgEbN8q-50aVfAQ,키니치 넌 내꺼야! (어제 원신) / 2024년 9월 29일 다시보기 -3,"#원신 #vtuber #버튜버 #김어제 #오픈월드 
뽑기 도와주셔서 감사합니다./
==============================================================
치지직 생방송 : https://chzzk.naver.com/7aff3b4288d45b95d8c0a561b0cced86
개인 채널 : https://www.youtube.com/channel/UCko-d8LGFjSiPD7Ifx_vHug
팀채널 : https://www.youtube.com/channel/UCB6CRZdTt2-4JGhK63FrA4w","['고세구', '우왁굳', '마비노기', 'vtube', '버튜버', '레볼루션하트', '제미니', 'Re:Life', '우타이테', '일본노래', '풀영상', '풀채널', '디지몬RPG', '메이플스토리', '던전앤파이터', 'Z9별', '라테일', '배틀그라운드', 'Steam', '버츄얼', '강다한', '감제이', '싸이코드', '연님', '아카이로류', 'KK', '카미키타켄', '니지산지', '민수하', '가온이', '이레이스', 'JP', 'japan', 'entertainment', '제이', '늦잠', '하루토', '검정나비', '조별하', '포더모어', '향아치', '스텔라이브', '이세돌', '왁타버스', '플레이브', '괴물쥐', '피닉스박', '랄로', '유니', '강지', '메이플', '메이플랜드', '스타듀밸리', '원신', '좀비고', '오버워치', '발로란트', '쿠키런킹덤', '리썰컴퍼니', '공포게임', '아이리칸나', 'z9별', '우주하마', '혜안', '종합게임', '코렛트', '진우', '픽셀', '탬탬버린']",9465,2024-10-06,Gaming,0,0,0,-1,2024-10-07 17:44:36,2024,10,6,키니치 넌 내꺼야 ! ( 원신 29일 다시보기 3 고세구 우왁굳 마비노기 vtube 버튜버 레볼루션하트 제미니 ReLife 우타이테 일본노래 풀영상 풀채널 디지몬RPG 메이플스토리 던전앤파이터 Z9별 라테일 배틀그라운드 Steam 버츄얼 강다한 감제이 싸이코드 연님 아카이로류 KK 카미키타켄 니지산지 민수하 가온이 이레이스 JP japan entertainment 제이 늦잠 하루토 검정나비 조별하 포더모어 향아치 스텔라이브 이세돌 왁타버스 플레이브 괴물쥐 피닉스박 랄로 유니 강지 메이플 메이플랜드 스타듀밸리 원신 좀비고 오버워치 발로란트 쿠키런킹덤 리썰컴퍼니 공포게임 아이리칸나 z9별 우주하마 혜안 종합게임 코렛트 진우 픽셀 탬탬버린 #원신 #vtuber #버튜버 #김어제 #오픈월드 [SEP] Gaming
37,9KIkVoHZ0Gg,UCn-SY9fiqgEbN8q-50aVfAQ,김어제 저챗은 머다? 맛있다! (저챗 어제) / 2024년 9월 29일 다시보기 - 1,"#저챗 #vtuber #버튜버 

==============================================================
치지직 생방송 : https://chzzk.naver.com/7aff3b4288d45b95d8c0a561b0cced86
개인 채널 : https://www.youtube.com/channel/UCko-d8LGFjSiPD7Ifx_vHug
팀채널 : https://www.youtube.com/channel/UCB6CRZdTt2-4JGhK63FrA4w","['고세구', '우왁굳', '마비노기', 'vtube', '버튜버', '레볼루션하트', '제미니', 'Re:Life', '우타이테', '일본노래', '풀영상', '풀채널', '디지몬RPG', '메이플스토리', '던전앤파이터', 'Z9별', '라테일', '배틀그라운드', 'Steam', '버츄얼', '강다한', '감제이', '싸이코드', '연님', '아카이로류', 'KK', '카미키타켄', '니지산지', '민수하', '가온이', '이레이스', 'JP', 'japan', 'entertainment', '제이', '늦잠', '하루토', '검정나비', '조별하', '포더모어', '향아치', '스텔라이브', '이세돌', '왁타버스', '플레이브', '괴물쥐', '피닉스박', '랄로', '유니', '강지', '메이플', '메이플랜드', '스타듀밸리', '원신', '좀비고', '오버워치', '발로란트', '쿠키런킹덤', '리썰컴퍼니', '공포게임', '아이리칸나', 'z9별', '우주하마', '혜안', '종합게임', '코렛트', '진우', '픽셀', '탬탬버린']",2718,2024-10-06,Gaming,0,0,0,-1,2024-10-07 17:44:36,2024,10,6,김어제 저챗은 머다 ? 맛있다 ! ( 저챗 29일 다시보기 1 고세구 우왁굳 마비노기 vtube 버튜버 레볼루션하트 제미니 ReLife 우타이테 일본노래 풀영상 풀채널 디지몬RPG 메이플스토리 던전앤파이터 Z9별 라테일 배틀그라운드 Steam 버츄얼 강다한 감제이 싸이코드 연님 아카이로류 KK 카미키타켄 니지산지 민수하 가온이 이레이스 JP japan entertainment 제이 늦잠 하루토 검정나비 조별하 포더모어 향아치 스텔라이브 이세돌 왁타버스 플레이브 괴물쥐 피닉스박 랄로 유니 강지 메이플 메이플랜드 스타듀밸리 원신 좀비고 오버워치 발로란트 쿠키런킹덤 리썰컴퍼니 공포게임 아이리칸나 z9별 우주하마 혜안 종합게임 코렛트 진우 픽셀 탬탬버린 #저챗 #vtuber #버튜버 [SEP] Gaming
38,HaKh_RAlubA,UCO-svEJBdWiaViuy0TxVFFg,엔카이브 (NCHIVE) - 이안 Pineapple Slice cover (원곡 : 백현),"AUBEMOON STUDIO
http://aubemoon.com

Instagram
https://www.instagram.com/official_nchive

Twitter
https://twitter.com/nchiveofficial","['엔카이브', 'NCHIVE', '오브문스튜디오', 'AUBEMOONSTUDIO', '신인', '신인남돌', '남자아이돌', '아이돌', '걸그룹', '보이그룹', '여돌', '여자아이돌', '방탄', '방탄소년단', 'BTS', '제베원', '제로베이스원', 'ZB1', 'ZEROBASEONE', '몬스타엑스', '몬엑', '라이즈', '이븐', '보이넥스트도어', '템페스트', '세븐틴', 'SVT', '더보이즈', 'TBZ', '에이티즈', '배너', 'ATEEZ', 'VANNER', '엔하이픈', 'TXT', '에잇턴', '싸이커스', 'RIIZE', '더뉴식스', 'TNX', '뉴진스', '엔믹스', '아이브', 'IVE', '비에이이일칠삼', 'BAE173', '크래비티', 'CRAVITY', '투바투', '투모로우바이투게더', 'AB6IX', '에이비식스', '있지', 'ITZY', '(여자)아이들', '((G)I-DLE)', '스트레이키즈', '스키즈', 'Stray kids', 'BLACKPINK', '블랙핑크', 'SF9', '에스에프나인', 'NCT', '엔시티', '엔씨티드림', '엔씨티유', 'NCTDREAM', 'NCTU', '에스파', '플레이브', 'Seventeen', 'MONSTA X', 'BTOB', '비투비', 'aespa', '영파씨', '휘브', 'WHIB', '판타지보이즈', 'FANTASY BOYS', '엠퍼센트원', 'AMPERS&ONE', 'NCV', 'dpszkdlqm']",142,2024-10-06,Entertainment,0,0,0,-1,2024-10-07 17:44:36,2024,10,6,엔카이브 NCHIVE 이안 Pineapple Slice cover 원곡 백현 엔카이브 NCHIVE 오브문스튜디오 AUBEMOONSTUDIO 신인 신인남돌 남자아이돌 아이돌 걸그룹 보이그룹 여돌 여자아이돌 방탄 방탄소년단 BTS 제베원 제로베이스원 ZB1 ZEROBASEONE 몬스타엑스 몬엑 라이즈 이븐 보이넥스트도어 템페스트 세븐틴 SVT 더보이즈 TBZ 에이티즈 배너 ATEEZ VANNER 엔하이픈 TXT 에잇턴 싸이커스 RIIZE 더뉴식스 TNX 뉴진스 엔믹스 아이브 IVE 비에이이일칠삼 BAE173 크래비티 CRAVITY 투바투 투모로우바이투게더 AB6IX 에이비식스 있지 ITZY 여자아이들 GIDLE 스트레이키즈 스키즈 Stray kids BLACKPINK 블랙핑크 SF9 에스에프나인 NCT 엔시티 엔씨티드림 엔씨티유 NCTDREAM NCTU 에스파 플레이브 Seventeen MONSTA X BTOB 비투비 aespa 영파씨 휘브 WHIB 판타지보이즈 FANTASY BOYS 엠퍼센트원 AMPERSONE NCV dpszkdlqm  [SEP] Entertainment
39,KLWuF1pvwSU,UCP-32CzsbLiiIb2LbYk8mZA,睡眠・トイレ・お風呂も立ちっぱで２日経過、もう限界です。#3 【２泊３日座ったら即帰宅/チャリ旅/スポーツ/対決/テニス/シャインマスカット/巨峰/フルーツ/大食い/グルメ/地獄/過酷】,"#座ったら即帰宅#即帰宅#過酷#旅行#バラエティ#長野#地獄#天国

■２泊３日座ったら即帰宅の旅行
1話 https://youtu.be/JXLuvHQPg_Y
2話 https://youtu.be/25ZzPipwRgg
3話 https://youtu.be/KLWuF1pvwSU

サブチャンネルも登録よろしくな！！
■深夜のレイクレ
https://www.youtube.com/@Lazy_Lie_Crazy_Sub
■レイクレGAMES
https://www.youtube.com/@Lazy_Lie_Crazy_Games

■お問い合わせ/お仕事の依頼はこちらから
【info@sai-oh.jp】

■個人チャンネルはこちら！
どば師匠→https://www.youtube.com/@レイクレどば師匠-o1f
てっちゃん→https://www.youtube.com/@jcinema5068
ともやん→https://www.youtube.com/@tomoyan6
たかぺろFM107→https://www.youtube.com/@user-ku5kh9qt3z

■各種SNSはこちら！
【Instagram】
Lazy Lie Crazy【レイクレ】→https://www.instagram.com/lie_lazy090/
どば師匠→ http://instagram.com/lazy_doba/
たかし→ https://www.instagram.com/t_kashi_dayo
てっちゃん→ https://www.instagram.com/tttigrisx/
ともやん→ http://instagram.com/tmyndayo/
ぺろ愛男爵→ https://instagram.com/peroai/

【X (旧Twitter)】
Lazy Lie Crazy【レイクレ】→https://twitter.com/lie_lazy
どば師匠→ https://twitter.com/lazy_doba
たかし→  https://twitter.com/t_kashi_dayo
ともやん→  https://twitter.com/tmyndayo
てっちゃん→  https://twitter.com/llc_tecchan
ぺろ愛男爵→  https://twitter.com/peroaidanshaku1

【TikTok】
Lazy Lie Crazy【レイクレ】→https://www.tiktok.com/@lie_lazy
どば師匠→ https://www.tiktok.com/@lazy_doba
たかし→https://www.tiktok.com/@lazy_takashi
てっちゃん→ https://www.tiktok.com/@llc.tecchan
ともやん→ https://www.tiktok.com/@tmyndayo
ぺろ愛男爵→ https://www.tiktok.com/@peroai

■動画エンディング
https://youtu.be/-nuCJRN1YDo

＝＝＝＝
レイクレ＆ともやん個人チャンネル＆深夜のレイクレ切り抜きプロジェクトへの参加をご希望の方は下記フォームからご応募お願いします！
その後、事務を代行するAnyMind Japan株式会社よりご連絡を差し上げますのでその説明に従ってください。
（返信は平日の日中のみ、土日祝祭日はお休みとなります。）

切り抜きプロジェクトの応募フォームはこちら↓
https://forms.gle/UT3QzSSb3JQG5xvR7
※切り抜きプロジェクトに関するお問合せは応募フォームに記載のメールアドレス（lazy~.com）にお願いします。
＝＝＝＝","['レイクレ', 'ともやん', '急上昇', 'コムドット', 'どば師匠', 'てっちゃん', 'たかし', 'ぺろ愛男爵', '東海オンエア', 'フィッシャーズ', '神回', 'はじめしゃちょー', 'エスポワール', '平成フラミンゴ', 'Youtuber', '新世代', 'TikTok', 'お笑い', 'れいくれ', '面白い']",1847,2024-10-06,Comedy,0,0,0,-1,2024-10-07 17:44:36,2024,10,6,睡眠 トイレ お風呂も立ちっぱで２日経過 、 もう限界です 。 3 【 ２泊３日座ったら即帰宅 / チャリ旅 / スポーツ 対決 テニス / シャインマスカット 巨峰 フルーツ 大食い グルメ 地獄 過酷 Youtuber TikTok # # # # # # # # [SEP] Comedy
40,ZJxDfvHIoQQ,UCt-f9Gs4J6yugddVFZ47Zuw,[사이렌헤드 07] Siren Head The Horror Experience,"게임 설명은 영상 시작부분에 나옵니다.
⊙게임명 : Siren Head The Horror Experience
⊙다운로드 : https://ironmonger-games.itch.io/sirenhead

▼▼▼▼▼▼▼▼▼
본방은 매주 수,금,토 밤11시59분부터 새벽3시까지 3시간 입니다!
아프리카TV와 치지직 동시 방송 합니다!
▲▲▲▲▲▲▲▲▲

★★★★★★★★★
아프리카TV방송국 : https://bj.afreecatv.com/aegis9/ (즐겨찾기 plz...)
치지직 채널 : https://chzzk.naver.com/4941738cb274798344dacfefd92837c9 (팔로우 plz...)
유튜브채널 : https://www.youtube.com/kpseoex (구독plz....)
★★★★★★★★★

게임추천도 해주시구요,
한글화게임, 한글패치 정보나 제공도 받습니다.
유튜브 각 영상 댓글이나 아프리카TV방송국내 게시판에
남겨주시면 제가 볼 수 있습니다.

감사합니다.
군수박올림.


#Broadcasting #horror #game #afreeca #afreecatv #bj #치지직 #chzzk #네이버 #방송 #겜방 #공포 #공포게임 #호러게임 #jumpscare #점프스케어 #깜놀 #갑툭튀 #공겜 #호러겜 #버튜버 #버츄얼스트리머 #virtuber #virturestreamer #사이렌헤드 #SIRENHEAD #40미터 #40m #킬러 #괴물 #도망 #탈출 #도시괴담 #killer #monster #runaway #escape #urban legend #escape #The Horror Experience #더 호러 익스피리언스 #공포체험","['Broadcasting', 'horror', 'bj', '치지직', '겜방', '공포게임', '호러게임', '버튜버', '아프리카tv', '게임플레이', 'gameplay']",668,2024-10-07,Gaming,0,0,0,-1,2024-10-07 17:44:37,2024,10,7,[ 사이렌헤드 07 Siren Head The Horror Experience Broadcasting horror bj 치지직 겜방 공포게임 호러게임 버튜버 아프리카tv 게임플레이 gameplay #Broadcasting #horror #game #afreeca #afreecatv #bj #치지직 #chzzk #네이버 #방송 #겜방 #공포 #공포게임 #호러게임 #jumpscare #점프스케어 #깜놀 #갑툭튀 #공겜 #호러겜 #버튜버 #버츄얼스트리머 #virtuber #virturestreamer #사이렌헤드 #SIRENHEAD #40미터 #40m #킬러 #괴물 #도망 #탈출 #도시괴담 #killer #monster #runaway #escape #urban #escape #The #더 #공포체험 [SEP] Gaming
41,BP33U37SC50,UCV-pRqEYKNmbpNvvImnmEQw,#경북의맛축제#포항#영일대해수욕장,,[],241,2024-10-06,Travel & Events,0,0,0,-1,2024-10-07 17:44:37,2024,10,6,경북의맛축제 포항 영일대해수욕장   [SEP] Travel & Events
42,g_K0zEV4JV4,UCx-zIUgOFiq-OFBh4YlDR-A,[재업로드] 마음공부의 기본 일상에서 올라오는 두려움,"채널에 가입하여 혜택을 누려보세요.
https://www.youtube.com/channel/UCx-zIUgOFiq-OFBh4YlDR-A/join

☞ 홈페이지      http://youngchevillage.com/kor/
☞ 카카오 플친 https://pf.kakao.com/_AIknG

 ""생방송 : 매주 화요일 밤 9:00 ""

☞ 후원을 원하시는 분은 대표전화 055-883-3913으로 문의 바랍니다.

[혜라TV] 
이 채널은 마음에 대하여 이야기하는 방송입니다. 

Copyright (C) YOUNGCHEVILLAGE. All rights reserved.",[],1964,2024-10-06,Education,0,0,0,-1,2024-10-07 17:44:37,2024,10,6,재업로드 마음공부의 기본 일상에서 올라오는 두려움   [SEP] Education
43,pDU4sMhoetY,UCY-JfSIcOxSOeSa8mYMHn7g,서울역전도설교 124,,[],534,2024-10-06,People & Blogs,0,0,0,-1,2024-10-07 17:44:38,2024,10,6,서울역전도설교 124   [SEP] People & Blogs
44,MP5hv5jnUhs,UC-0C8yVGJy-cS4FGlYKelWw,"가자전쟁 1년, 중동은 어디로 가는가? (KBS_373회_2024.10.05.방송)","[이슈 인사이드]
가자전쟁 1년을 앞두고 중동 정세는 더욱 험난해지고 있습니다.  하마스는 궤멸적 타격을 입었지만 아직도 많은 인질들의 생사가 확인되지 않고 있습니다.  
이 상황에서 이스라엘은 전선을 확장, 헤즈볼라 타도를 내세우며 레바논 공격을 감행했습니다.  더욱 우려스러운 것은 이란과의 전쟁도 배제할 수 없다는 것입니다.  일부에서 이란의 핵시설이나 석유시설을 이스라엘이 공격할 것이라는 예측도 제기되고 있습니다.  그야말로 제5차 중동전쟁이 현실화되는 것입니다.

#특파원보고세계는지금 #세계는지금 #국제시사

특파원 보고 세계는 지금 (매주 토요일 밤 09:40 KBS 1TV 방송)

Copyright ⓒ KBS. All rights reserved. 무단 전재, 재배포 및   이용(AI 학습 포함) 금지","['특파원보고 세계는 지금', '세계는 지금', '국제시사', '중동전쟁', '이스라엘', '이란', '네타냐후', '헤즈볼라', '하마스', '레바논', '지상전']",670,2024-10-06,News & Politics,0,0,0,-1,2024-10-07 17:44:38,2024,10,6,가자전쟁 중동은 가는가? ( KBS_373회_2024 05 . 방송 특파원보고 세계는 지금 세계는 지금 국제시사 중동전쟁 이스라엘 이란 네타냐후 헤즈볼라 하마스 레바논 지상전 #특파원보고세계는지금 #세계는지금 #국제시사 [SEP] News & Politics
45,1sfFyGXCZvw,UC10n-QnfJPS7GKsgS63m39A,Mesaage 18 - Mari et Femme Héritiers de la Même Grâce de Vie,"THÈME GÉNÉRAL: LA PAROLE DE VIE, LA COMMUNION  DE VIE ET PIERRES VIVANTES POUR L'ÉDIFICATION
LES ÉPÎTRES DE PIERRE
Mesaage 18 - Mari et Femme: Héritiers de la Même Grâce de Vie - 1P 3:1-12

—
Acesse nosso site: www.mensagensdasconferências.com.br.
Conheça nosso portal de notícias da obra: www.institutovidaparatodos.org.br.
E-mails de contato: mensagens@ivpt.org.br | contato@ivpt.org.br.","['Instituto Vida Para Todos', 'IVPT', 'Pedro Dong', 'Ezra Ma', 'Vida da Igreja', 'Igreja Local', 'Dong Yu Lan', 'Alimento Diário', 'Mensagens das Conferências', 'Conferência de Adolescentes', 'Conferência de Jovens', 'Conferência Internacional', 'Tutorial', 'Conferência Regional', 'Estância Árvore da Vida']",5985,2024-10-06,Travel & Events,0,0,0,-1,2024-10-07 17:44:38,2024,10,6,Mesaage 18 - Mari et Femme Héritiers de la Même Grâce de Vie Instituto Vida Para Todos IVPT Pedro Dong Ezra Ma Vida da Igreja Igreja Local Dong Yu Lan Alimento Dirio Mensagens das Conferncias Conferncia de Adolescentes Conferncia de Jovens Conferncia Internacional Tutorial Conferncia Regional Estncia rvore da Vida  [SEP] Travel & Events
46,i2slR5rLz30,UC303RY51IROEr8N9ZGpm93g,(이의선낭독)10월 의 향기~좋은글,,[],134,2024-10-06,People & Blogs,0,0,0,-1,2024-10-07 17:44:38,2024,10,6,( 이의선낭독 향기 좋은글   [SEP] People & Blogs
47,z1qkArvUZMU,UC50pujnITrJtKp9x-LRyxMw,粵語老歌 - 香港90年代流行經典廣東歌回顧????上海滩，明星，倩女幽魂，失恋，诺言，用爱将心偷 - 老歌会勾起往日的回忆 Cantonese Old Songs,"粵語老歌 - 香港90年代流行經典廣東歌回顧????上海滩，明星，倩女幽魂，失恋，诺言，用爱将心偷 - 老歌会勾起往日的回忆 Cantonese Old Songs
-------------------------------------------------
???? 歌曲列表 ????????????????????????:


#怀旧粤语歌曲 #粵語經典金曲 #EnjoyMusic
-------------------------------------------------
Don't Forget Like and Subscribe
???? Subscribe 記得訂閱+""按鈴"":  https://bit.ly/subEnjoyMusic
???? Playlist 链接视频: https://bit.ly/enjoymusicvd
-------------------------------------------------
???? ???????????????????????????? ????????：
     copyrightchinese@nsrhnmusic.com
-------------------------------------------------
▶️ ""???????????????????? ????????????????????"" is a youtube channel that synthesizes Cantonese Chinese songs for everyone. Licensor for YouTube: New Southern Records (on behalf of New Southern Records Sdn bhd) 
Please Subcribe and Share our videos with the people around you for them to watch. All the new works shall be published and updated on the dayly basis. 
▶️ All video content are owned by New Southern Records.
DO NOT re-upload these videos. All copyright infringement is strictly prohibited.We will act immediately to delete the video.
▬▬▬▬▬▬▬▬▬▬▬▬▬▬▬
???? Thanks for watching!",[],11006,2024-10-06,Music,0,0,0,-1,2024-10-07 17:44:38,2024,10,6,粵語老歌 - 香港90年代流行經典廣東歌回顧 ? 上海滩 ， 明星 ， 倩女幽魂 失恋 诺言 ， 用爱将心偷 - 老歌会勾起往日的回忆 Cantonese Old Songs  # # #EnjoyMusic [SEP] Music
48,PB8qtV2C884,UC90wngvN98q5uigfw7VWitg,许凯：暗恋10年没表白，却用1000场吻戏，向谭松韵表达深沉的爱！,"许凯：暗恋10年没表白，却用1000场吻戏，向谭松韵表达深沉的爱！;
许凯、谭松韵新剧爆了，瞬间就挑起高潮，网友：这尺度，必须5星 | 新星消息
感谢您的看，如果觉得本篇文章对你来说有帮助的话，别忘了点赞、评论、订阅, 转发和收藏哦.
请订阅频道:   https://www.youtube.com/channel/UC90wngvN98q5uigfw7VWitg

========================================

⏭赵丽颖 | Zhao Liying: https://www.youtube.com/playlist?list=PLSbXWGug02HVXrWhgNtv5Qp04kYlI35pZ
⏭白鹿 | Bai Lu: https://www.youtube.com/playlist?list=PLSbXWGug02HVAFqXLdN54emisyh4KpiuN
⏭谭松韵 | Tan Songyun: https://www.youtube.com/playlist?list=PLSbXWGug02HV2kuhx8412T9N9yjmhAx_f
⏭李沁 | Li Qin: https://www.youtube.com/playlist?list=PLSbXWGug02HVoCEmU3S0xgMxHyDNjf8-_
⏭杨幂 | Yang Mi: https://www.youtube.com/playlist?list=PLSbXWGug02HVYE3XeIwKyALMTLgXOYDlr
⏭刘亦菲 | Liu Yifei: https://www.youtube.com/playlist?list=PLSbXWGug02HV_yfXqEDBSkx4zb3r7BqH1
⏭杨紫 | Yang Zi: https://www.youtube.com/playlist?list=PLSbXWGug02HWuLEJqt4gKvSJ9B-jNrBiv
⏭Angelababy（杨颖）| Yang Ying: https://www.youtube.com/playlist?list=PLSbXWGug02HUJsj1lCyc86N3A1sCQIQ0T
⏭赵丽颖冯绍峰 | Zhao Liying Feng Shaofeng: https://www.youtube.com/playlist?list=PLSbXWGug02HV5Tj9EhhmJFlUtG4t8CYiy
⏭赵丽颖王一博 | Zhao Liying Wang Yibo: https://www.youtube.com/playlist?list=PLSbXWGug02HWEu7nQHzXUzLCDgLPMQqED
⏭赵丽颖 林更新 | Zhao Liying Lin Gengxin: https://www.youtube.com/playlist?list=PLSbXWGug02HWq1RYV9aUB-lJdlPcYerH_
⏭肖战 | Xiao Zhan: https://www.youtube.com/playlist?list=PLSbXWGug02HUEieOfev9YEO5pZ44mMIhM
⏭陈晓 | Chen Xiao: https://www.youtube.com/playlist?list=PLSbXWGug02HUAQtv1S4TD4bWt5FdoBWgO
⏭赵露思 | Zhao Lusi: https://www.youtube.com/playlist?list=PLSbXWGug02HWuA7qe-PoRXI5uHiKuaKf7
⏭名人传记 | Celebrity biographies: https://www.youtube.com/playlist?list=PLSbXWGug02HW0tNqCdYPMM70jWv0wASBD
⏭新星消息 | Star News: https://www.youtube.com/playlist?list=PLSbXWGug02HW-PzaidtobBFVLio_w2JUC
⏭一般娱乐 | Entertainment: https://www.youtube.com/playlist?list=PLSbXWGug02HUw43CAwCCDTI8t7q1vF15w

==========================================

#谭松韵 #许凯 #你如北京美丽 #新星消息 #TanSongyun #XuKai #CCTV #锦衣之下 #以家人之名 #向风而行 #明星新闻 #名人新闻 #一般娱乐 #松韵 #Songyun","['许凯：暗恋10年没表白却用1000场吻戏向谭松韵表达深沉的爱！', '许凯谭松韵新剧爆了瞬间就挑起高潮网友：这尺度必须5星 | 新星消息', '许凯：暗恋10年没表白', '却用1000场吻戏', '向谭松韵表达深沉的爱！', '谭松韵', '许凯', '《你比星光美丽》', '谭松韵许凯', 'Tan Songyun', 'Xu Kai', '新星消息', 'CCTV', '蜀锦人家', '甄嬛传', '锦衣之下', '以家人之名', '向风而行', '明星新闻', '名人新闻', '一般娱乐', '松韵', 'Songyun']",495,2024-10-06,Entertainment,0,0,0,-1,2024-10-07 17:44:39,2024,10,6,许凯 ： 暗恋10年没表白 却用1000场吻戏 向谭松韵表达深沉的爱 101000 5 10 1000 Tan Songyun Xu Kai CCTV Songyun # # # # #TanSongyun #XuKai #CCTV # # # # # # # #Songyun [SEP] Entertainment
49,hvR3sWC3NVA,UCa0iFt6o8dywjZn4wDTeAIw,"Together Cha Cha Cha and 2 other songs , 다함께 차차차 외 2곡 , 강설민님","Congratulatory performance at lncheon Michuhol-gu District Song Festival
인천 미추홀구 구민가요제 축하공연",[],273,2024-10-06,Music,0,0,0,-1,2024-10-07 17:44:39,2024,10,6,Together Cha Cha Cha and 2 other songs 다함께 차차차 외 2곡 강설민님   [SEP] Music
50,aNjDh_kGET4,UCe0ULbXhjXHQlwwe6KY9Vzw,Race Countdown (Alpha Mix) - Gran Turismo,,[],19,2024-10-06,Gaming,0,0,0,-1,2024-10-07 17:44:40,2024,10,6,Race Countdown ( Alpha Mix Gran Turismo   [SEP] Gaming
51,BY6uCMhkZFo,UCe0ULbXhjXHQlwwe6KY9Vzw,Cyber Space 1-5: Dropaholic (Alpha Version) - Sonic Frontiers,,[],175,2024-10-06,Gaming,0,0,0,-1,2024-10-07 17:44:39,2024,10,6,Cyber Space 1-5 Dropaholic ( Alpha Version ) Sonic Frontiers   [SEP] Gaming
52,8VnA864bXAY,UCf0Bc7IKxbQLISHN8fJYSNg,"세종시 아파트 가격 54% 폭락! 전국 최악 하락률. 세종시 집 팔아치우고, 서울로 가는 사람들. 부동산 아파트 상가 지식산업센터 오피스텔 이야기 집값전망 하락 폭락 노가다 노비","#노가다 #노비 #아파트 #임장 #이야기 입니다.
#갭투자 들 #눈물 로 던지는 #이곳 
#부동산 #아파트 #이야기 #입주권 #분양권 #재개발 #재건축 

#세종시 #아파트 #가격 #54% #폭락 ! #전국 #최악 #하락률 . #세종시 집 #팔아치우고 , #서울 로 #가는 #사람들 . #부동산 #아파트 #상가 #지식산업센터 #오피스텔 #이야기 #집값전망 #하락 #폭락 #노가다 #노비

부동산 이야기는 #전국 아파트를 #중심 으로 #진행 됩니다.
부동산 아파트 임장 영상은 #서울 #인천 #경기 #대구 #부산 중심으로 진행되며, #추후 전국적으로 진행 예정입니다.

-------------------------------------------------------------------------------------------------
모든 영상은 직접 촬영합니다.
저작권은 노비(Noby)에게 있습니다.
영상에서 나오는 사연은 신청자 사례로 제작 된 픽션 입니다.
-------------------------------------------------------------------------------------------------

#Noby #아파트 #투어 #지금 #시작합니다","['노비', '부동산', '아파트', '아파트투어', '아파트임장', '임장', '이야기', '하남시', '미사지구', '미사강변도시', '미사역상가', '감일지구', '미사폭락', '범계역', '안양평촌', '10억대출', '빈상가', '공실', '상가경매', '상가공실', '모비우스', '신혼부부영끌', '50억 억대출아파트', '의왕시아파트', '은행경매', '경매절차', '가족해체', '후회', '수지아파트', '매일밤눈물', '광교아파트', '수원영통', '중흥에스클라스', '송도아파트', '반값', '반토막', '송도마리나베이', '수원미입주', '수원미분양', '공시가역전', '이월과세', '증여', '전세사라져', '종부세', '미분양부도', '집값', '노도강', '강동구아파트', '세종시아파트', '고분양가', '시행사부도', '강남미분양', '논현동미분양', '담보대출', '금리10%', '금리파산', 'LTV', '한계상황', '15억초과', '상환압박', '부동산전망', '2030', '아파트전망', '강남3구', '세종부동산', '거래절벽', '거래빙하기', '경매낙찰율', '6억대출', '상계동아파트', '10억아파트', '실거래가', '최고가매수', '인덕원아파트', '안양아파트', '의왕아파트', '호가장난', '환율전망', '노가다', '검로푸', '검단신도시', '검단', '검단아파트', '송도', '청라', '청라아파트', '청라신도시', '송도신도시', '세종', '세종아파트', '세종시', '가격', '54', '폭락', '전국', '최악', '하락']",751,2024-10-06,Education,0,0,0,-1,2024-10-07 17:44:40,2024,10,6,세종시 아파트 가격 54% 전국 하락률 세종시 집 팔아치우고 서울로 사람들 부동산 아파트 상가 지식산업센터 오피스텔 이야기 집값전망 하락 폭락 노가다 노비 노비 부동산 아파트 아파트투어 아파트임장 임장 이야기 하남시 미사지구 미사강변도시 미사역상가 감일지구 미사폭락 범계역 안양평촌 10억대출 빈상가 공실 상가경매 상가공실 모비우스 신혼부부영끌 50억 억대출아파트 의왕시아파트 은행경매 경매절차 가족해체 후회 수지아파트 매일밤눈물 광교아파트 수원영통 중흥에스클라스 송도아파트 반값 반토막 송도마리나베이 수원미입주 수원미분양 공시가역전 이월과세 증여 전세사라져 종부세 미분양부도 집값 노도강 강동구아파트 세종시아파트 고분양가 시행사부도 강남미분양 논현동미분양 담보대출 금리10 금리파산 LTV 한계상황 15억초과 상환압박 부동산전망 2030 아파트전망 강남3구 세종부동산 거래절벽 거래빙하기 경매낙찰율 6억대출 상계동아파트 10억아파트 실거래가 최고가매수 인덕원아파트 안양아파트 의왕아파트 호가장난 환율전망 노가다 검로푸 검단신도시 검단 검단아파트 송도 청라 청라아파트 청라신도시 송도신도시 세종 세종아파트 세종시 가격 54 폭락 전국 최악 하락 #노가다 #노비 #아파트 #임장 #이야기 #갭투자 #눈물 #이곳 #부동산 #아파트 #이야기 #입주권 #분양권 #재개발 #재건축 #세종시 #아파트 #가격 #54 #폭락 #전국 #최악 #하락률 #세종시 #팔아치우고 #서울 #가는 #사람들 #부동산 #아파트 #상가 #지식산업센터 #오피스텔 #이야기 #집값전망 #하락 #폭락 #노가다 #노비 #전국 #중심 #진행 #서울 #인천 #경기 #대구 #부산 #추후 #Noby #아파트 #투어 #지금 #시작합니다 [SEP] Education
53,6THszu5_yqI,UCH0GVd6rbLGwl3UspK7rTHA,이 캐릭은 왜 뭘해도 멋있는걸까? 이번엔 영트힐!,"부트힐 계정도 영사 1돌 땡기네요.. 하..

00:00 영트힐 설명
00:30 사이클
02:17 스펙","['스타래일', '미호요', '호요버스', '스타레일', '스타레일 공략', '반디', '아케론', '드타', '젠레스존제로', '젠존제', '비소', '영사', '맥택', '삼칠이', '로빈', '토파즈', '라파']",173,2024-10-07,Gaming,0,0,0,-1,2024-10-07 17:44:40,2024,10,7,이 캐릭은 왜 뭘해도 멋있는걸까 ? 이번엔 영트힐 스타래일 미호요 호요버스 스타레일 스타레일 공략 반디 아케론 드타 젠레스존제로 젠존제 비소 영사 맥택 삼칠이 로빈 토파즈 라파  [SEP] Gaming
54,x1elmF6t-bY,UCr0uMKj593iSx4LltGHRBUg,※7시간 순삭※ 닌텐도에 고소당한 팰월드 플스5로 처음부터 다시 하기 1일차,#겜빼미 #팰월드 #닌텐도 #고소 #포켓몬 #게임방송 #게임 #오픈월드 #귀여운 #플스5 #시간순삭,[],25686,2024-10-06,Gaming,0,0,0,-1,2024-10-07 17:44:41,2024,10,6,7시간 순삭 닌텐도에 고소당한 팰월드 플스5로 처음부터 다시 하기  #겜빼미 #팰월드 #닌텐도 #고소 #포켓몬 #게임방송 #게임 #오픈월드 #귀여운 #플스5 #시간순삭 [SEP] Gaming
55,v4HH2hWCQuM,UCaHONCmwayLXgQmLzc8nYJg,High times: Blueberry Avalanche Diamond Infused cannabis strain #asmr #trending #Cannabis,High times: Blueberry Avalanche Diamond Infused cannabis strain #asmr #trending #Cannabis,"['Quinn Nelson', 'Entertainment', 'ASMR', 'Canada', 'Alberta', 'Edmonton', 'Calgary', 'Lethbridge', 'Medicine Hat', 'Red Deer', 'Blueberry Avalanche Diamond Infused', 'Cannabis', 'Cannabis strain', 'Cannabis oil', 'Mukbang', 'Marijuana', 'Recreational', 'Medicinal', 'Sativa', 'Indica', 'THC', 'CBD', 'Edibles', 'Dispensaries', 'Hash', 'Disilite', 'Shatter', 'Joint', 'Blunt', 'Bong', 'Pipe', 'Hookah', 'Crossdressing', 'Crossdresser', 'Crossdress']",301,2024-10-06,Entertainment,0,0,0,-1,2024-10-07 17:38:56,2024,10,6,High times Blueberry Avalanche Diamond Infused cannabis strain asmr trending Cannabis Quinn Nelson Entertainment ASMR Canada Alberta Edmonton Calgary Lethbridge Medicine Hat Red Deer Blueberry Avalanche Diamond Infused Cannabis Cannabis strain Cannabis oil Mukbang Marijuana Recreational Medicinal Sativa Indica THC CBD Edibles Dispensaries Hash Disilite Shatter Joint Blunt Bong Pipe Hookah Crossdressing Crossdresser Crossdress #asmr #trending #Cannabis [SEP] Entertainment
56,QeTD1OWMkx0,UCVH_A0kHGbYmPm6QBQOY0fw,10/7 열분 소개합니다.      풍란과동행 010 4749 3537,,[],710,2024-10-06,Entertainment,0,0,0,-1,2024-10-07 17:38:59,2024,10,6,10 7 열분 소개합니다 . 풍란과동행 010 4749 3537   [SEP] Entertainment
57,UHMtktZh8Qc,UCQI_nxiwhUKMZ4yqHqOfqTw,"[장석영의 정론직필] 이재명 지지층, 재판부에 방탄용 “무죄” 탄원서 공세",,[],415,2024-10-06,People & Blogs,0,0,0,-1,2024-10-07 17:39:04,2024,10,6,[ 장석영의 정론직필 이재명 지지층 재판부에 방탄용 무죄 탄원서 공세   [SEP] People & Blogs
58,FyVTBxJbStc,UCTIUdQ2aqPILOb3rqdH00KA,"비트코인, 이더리움, 리플, 트론, 에이다 등 디지털화폐, 주식 , 금융자산에 대한 개인적 관점을 혼자말로 떠드는 방송입니다.","해당 유튜브채널에서 제공되는 모든 코인에 대한 분석관점은 단순 참조용이며, 모든 투자책임은 시청자 본인에게 있습니다.

(자율 후원계좌 ) 신한 1100 5959 4139 이 XX . 후원시 닉네임으로 입금.
(광고).코인마켓프라이스: www.coinmarketprice.kr

- 코인재단, 코인거래소, 차티스트, 유튜버 보도자료 PR 서비스 지원 (유료)
- 파이넥스(Pionex) , 비트마트, OKX, 비트겟, MEXC  거래소 매매 수수료 최대 50% 할인 지원(무료)
- 제휴.비지니스 문의: coinmarketprice@naver.com

1. 멤버십 회원 가입안내.

뛰다:  월 48,000원

* 시장을 함께 분석하고, 의견을 공유하실 분들은 멤버십회원 가입을 하시는 것을 권장해드립니다. 
* 주 4회 코인시장 분석 온라인강좌 실시.(매주 금요일)

 

2. 파이넥스(Pionex) 거래소 거래 수수료 할인

https://partner.pionex.com/p/5lrCqNds
(초대코드):  5lrCqNds

3. 파이코인 무료 채굴.
파이를 받으시려면 링크를 클릭하세요. https://minepi.com/coinmarketprice

초대코드: coinmarketprice  / 초대코드를 입력하시면 채굴속도가 많이 높아집니다","['비트코인', '이더리움', '리플', '트론', '디지털화폐', '차트', '에이다', '가상화폐']",2053,2024-10-06,Education,0,0,0,-1,2024-10-07 17:39:04,2024,10,6,비트코인 이더리움 리플 트론 에이다 디지털화폐 주식 금융자산에 개인적 관점을 혼자말로 방송입니다 비트코인 이더리움 리플 트론 디지털화폐 차트 에이다 가상화폐  [SEP] Education
59,14FRU3iSUzU,UCTJR69L4Ds--nbD1gOmSNPQ,90년대 꼬꼬마들이 남 몰래 즐기던 게임! 갈스패닉S,"90년대 꼬꼬마들의 100원짜리 성인게임! 갈스패닉S
짧고 빠르게 치는 떳다방 형식의 무편집 영상입니다! 언제 사라질지
모르는 영상, 지금 눈에 익혀두시기를!",[],766,2024-10-06,Gaming,0,0,0,-1,2024-10-07 17:39:42,2024,10,6,꼬꼬마들이 남 몰래 게임 ! 갈스패닉S   [SEP] Gaming
60,KiRMy2Bu5SU,UC_JeNsqs3-RaOGllds-eL_g,嫁に海老を食べさせられた甲殻類アレルギーの俺→発作を起こした俺がその場で倒れて意識不明になった結果ｗ【2chスカッと・ゆっくり解説】,"▼あらすじ
""現代人はほとんど誰でも
何らかのアレルギーを持っていると言われている。""
""ハウスダストや、卵、フルーツに至るまで、
何に反応するか、そして症状も人それぞれ。""
""イッチは、昔から両親に大切に育てられてきた
いわゆるお坊ちゃまだが、""
""カニやエビを食べると蕁麻疹などの症状が出てしまう、
甲殻類アレルギーを持っていた。""
そんなイッチが、親同士のお見合いで結婚したのがA子。
""結婚前はおしとやかな女性を演じていたが、
結婚すると豹変！""
""ついにはアレルギー持ちのイッチの口に、
海老を押し込むという暴挙に出た。""
それが原因でＡ子の人生は崩壊していくこととなる…。

✨サブチャンネル『2chスカッとロードショーまとめ集』✨
????チャンネル登録はこちらからよろしくお願いします☆
『2chスカッとロードショーまとめ集』
http://www.youtube.com/channel/UCQPMhV6F075Y1hucSSs4LFg?sub_confirmation=1
歴代の『2chスカッとロードショー』人気動画をまとめて見たい方、
作業しながら聞き流したい方はぜひこちらもご視聴いただければ幸いです。

『2chスカッとロードショー』チャンネル登録はこちらからよろしくお願いします☆
https://www.youtube.com/channel/UC_JeNsqs3-RaOGllds-eL_g?sub_confirmation=1

★いっきに楽しみたい方はこちら（動画いっき見）★
https://youtube.com/playlist?list=PL0zSRk6gZIIZYMR1UYG8KH0Zg9gyeQsdc

皆さんからのコメントいつも読ませていただいてます。
※返事できなくてごめんなさい…

■チャンネルの動画における教育的価値と独自性
このチャンネルでは「人間関係に関するトラブルとその対処法」をテーマに扱っております。
様々な事例を元に、過激な表現を避けながら分かりやすい台本を作成し、特別な世界観を特徴としたオリジナルのアニメーションを製作しています。
各動画を通じて多様な人間性を紹介し、トラブルが起きた経緯や問題点を独自の解説によって分かりやすく説明することで、人間関係のトラブルを回避する方法や適切な対処法、円滑な人間関係を築いていくためのコツなどの教育的価値を提供しております。

さらに、編集は勿論、台本も全てオリジナルで制作しておりますので繰り返しのコンテンツではございません。

■動画に使われているフリー素材の複数回の使用（繰り返し、再利用）について
このチャンネルではフリー素材「いらすとや」様などのイラストを、動画内の登場キャラクターとして複数使用しています。
動画の性質上、同じイラストを繰り返し使用しているシーンがございますが、そのシーンに最適なイラストをその都度選択して使用しております。
フリー素材という性質上、他チャンネルでも使用されていますが、再利用をしているわけではございません。


━━━━━━━━━━━━━━━━━━━
【素材】
・いらすとや様（https://www.irasutoya.com/）
・イラストAC様
・Pixabay様

【効果音】
・OtoLogic様
・効果音ラボ様

【BGM】
・魔王魂様
・甘茶の音楽工房様
・LAMP BGM

【サムネイル、動画利用画像】
いらすとショップ
https://bit.ly/3Q1rbcy

いらすとショップをご利用になりたい方はこちらから↓
https://forms.gle/guR2PsecMGNTXycL8

使わせていただいているサイト様いつもありがとうございます。
━━━━━━━━━━━━━━━━━━━
#2ch  #2ちゃんねる #修羅場","['2ch', '2ちゃんねる', '修羅場', 'スカッと', '2chスカッとロードショー']",1428,2024-10-06,Entertainment,0,0,0,-1,2024-10-07 17:39:44,2024,10,6,嫁に海老を食べさせられた甲殻類アレルギーの俺 → 発作を起こした俺がその場で倒れて意識不明になった結果ｗ 2chスカッと ゆっくり解説 2ch 2 2ch #2ch #2 # [SEP] Entertainment
61,K5MWG-73jNk,UC2k32PeHEJUySITHpPeqN6w,EVENT! 아이더매직스타???? 아이더 X 유호진 써모락 슬림다운 입고 펼치는 환상의 마술쇼! ???? 깃털처럼 가볍고 따뜻한 써모락 경량패딩 깃털마술,"아이더 X 유호진 써모락 슬림다운 마술쇼 기념 댓글 EVENT!

영상 속 유호진 마술사가 입은 써모락 슬림다운이 갖고 싶은 이유를 댓글로 남겨주세요!
댓글을 남겨주신 분 추첨을 통해 3분께 '아이더 써모락 슬림다운'을 드립니다.

유호진 마술사 최초로 광고 모델이 되어 선보이는 마술쇼!
깃털처럼 가볍고 따뜻한 아이더 써모락 슬림다운을 만나보세요.

▼▼써모락 슬림다운 만나러가기 ▼▼
https://www.k-village.co.kr/exhibitionDetail?spexhNo=1276

--------------------------------------------------------------------------------
* 이벤트 기간: 2024년 10월 07일(월) ~ 10월 20일(일)
* 경품: 아이더 써모락 슬림다운 3명
* 응모방법: 댓글로 아이더 써모락 슬림다운이 갖고 싶은 이유 남기기
* 당첨자 발표: 2024년 10월 28일(월) 고정 댓글로 발표

* 유의사항
- 경품 제세공과금은 (주)아이더 에서 부담하며, 제세금 신고 처리를 위해 신분증 사본을 요청 드릴 수 있습니다.
- 부당한 방법의 응모, 이벤트 계정의 경우 참여가 제한 될 수 있습니다.
- 이벤트 당첨자 발표 이후 7일 이상 연락이 안될 경우 당첨이 취소될 수 있습니다.
- 이벤트 당첨자에게는 경품 발송을 위해 개인정보를 수집합니다. 동의하시지 않을 경우 당첨이 취소될 수 있습니다.
--------------------------------------------------------------------------------

#아이더 #아이더패딩 #아이더경량패딩 #아이더슬림다운 #아이더써모락 #더매직스타 #유호진 #써모락슬림다운","['아이더', 'EIDER', 'OUTDOOR', '아웃도어']",30,2024-10-06,Travel & Events,0,0,0,-1,2024-10-07 17:39:44,2024,10,6,EVENT 아이더매직스타 아이더 유호진 써모락 슬림다운 입고 환상의 마술쇼 깃털처럼 따뜻한 써모락 경량패딩 깃털마술 아이더 EIDER OUTDOOR 아웃도어 #아이더 #아이더패딩 #아이더경량패딩 #아이더슬림다운 #아이더써모락 #더매직스타 #유호진 #써모락슬림다운 [SEP] Travel & Events
62,rFXXynTuOc4,UCpK_u70NsaUJ-AcrFjgQmFw,殺人犯來警局自首，結果卻被要求取號排隊 #电影 #电影解说 #影视 #影视解说 #剧情,"殺人犯來警局自首，結果卻被要求取號排隊


https://youtu.be/166L4n57tvM 
https://youtu.be/IauUE1NxdS8 
https://youtu.be/JG8noDbO-9k 
https://youtu.be/FvTJZtIg2YE 
https://youtu.be/YahCL5ectOs 



电影,电影解说,影视,影视解说,剧情,剧情片,人性,人性片,犯罪,犯罪片,女性,女性片,電影,電影解說,影視,影視解說,劇情,劇情片,韓國電影,電影推薦,電影解說,高分電影,電影,影評,影視解說,電視劇,愛情,驚悚片解說,恐怖片解說,高分影視推薦,都市傳說,電影推薦,電影評論,科幻電影,最新電影,高分電影推薦,一口氣看全集,電影,影評,電影推薦,高分電影,電影解說,懸疑,劇情,影視解說,犯罪,喜劇,電影頻道,犯罪片,最新電影,關鍵時刻,臺灣,美女,幾分鐘看電影,人性,解說,劇情片,驚悚,韓國電影,電影信息,經典電影,影視,電影評論","['电影', '电影解说', '影视', '影视解说', '剧情', '剧情片', '人性', '人性片', '犯罪', '犯罪片', '女性', '女性片', '電影', '電影解說', '影視', '影視解說', '劇情', '劇情片', '韓國電影', '電影推薦', '電影解說', '高分電影', '電影', '影評', '影視解說', '電視劇', '愛情', '驚悚片解說', '恐怖片解說', '高分影視推薦', '都市傳說', '電影推薦', '電影評論', '科幻電影', '最新電影', '高分電影推薦', '一口氣看全集', '電影', '影評', '電影推薦', '高分電影', '電影解說', '懸疑', '劇情', '影視解說', '犯罪', '喜劇', '電影頻道', '犯罪片', '最新電影', '關鍵時刻', '臺灣', '美女', '幾分鐘看電影', '人性', '解說', '劇情片', '驚悚', '韓國電影', '電影信息', '經典電影', '影視', '電影評論']",255,2024-10-06,People & Blogs,0,0,0,-1,2024-10-07 17:39:51,2024,10,6,殺人犯來警局自首 結果卻被要求取號排隊 电影 电影解说 影视 影视解说 剧情   [SEP] People & Blogs
63,RwBuOG03pB4,UCskiBR9XL6badRVyJ--RC8w,????solo homeowner & everything keeps going wrong || post renovation struggs,"nothing goin smoothly post renovations FR mental breakdowns!!! but no crying in this video okkk.

Hii welcome back to my channel! I've got another video where I chat about homeownership and post renovations struggles. I go over installing my Reverse Osmosis system (RO) for filtered water, the resulting issues, installing a closet and finding structural issues, installing blinds and finding impenetrable walls, and dealing with pests. Enjoy :) Subscribe! 

— socials —
instagram @clara.hwajoon
climbing instagram @hwajoon.climbs 
tiktok @hwajoon 

— discount on skates —
CLARASQUAD for 10% off your slades! 
bit.ly/CLARASQUAD  
// I get a small commission for each purchase // 

— links mentioend — 
selectblinds.com

— curr_sub_count — 
3,746

— tags — 
#homeownership #losangeles #renovation #renovating #house #flippinghouses #pinterestkitchen #pinterest #pinterestaesthetic #dreamkitchen #kitchen #kitchenrenovationideas #struggles",[],862,2024-10-06,People & Blogs,0,0,0,-1,2024-10-07 17:39:52,2024,10,6,solo homeowner & everything wrong post renovation struggs  #homeownership #losangeles #renovation #renovating #house #flippinghouses #pinterestkitchen #pinterest #pinterestaesthetic #dreamkitchen #kitchen #kitchenrenovationideas #struggles [SEP] People & Blogs
64,GjWJiHjOVIw,UC9F9mT2pkOanNLVPtUjoydg,24.10.04「오늘도 아이돌 vol.12」아이슈 (SHOUT - 真っ白なキャンバス ),,[],257,2024-10-07,People & Blogs,0,0,0,-1,2024-10-07 18:16:57,2024,10,7,24 04 「 오늘도 아이돌 vol 12 아이슈 ( SHOUT 真っ白なキャンバス   [SEP] People & Blogs
65,zTKgxSBWhCE,UC9F9mT2pkOanNLVPtUjoydg,24.10.04「오늘도 아이돌 vol.12」아이슈 (ちゅららんレーサー - chuLa),,[],286,2024-10-07,People & Blogs,0,0,0,-1,2024-10-07 18:16:57,2024,10,7,24 04 「 오늘도 아이돌 vol 12 아이슈 ( ちゅららんレーサー chuLa   [SEP] People & Blogs
66,jnvf0X1tUYU,UC9FhdNhixBiu4LUNyQY5fag,[영업샤원 유산소편] Ep.1 : 등산을 영업합니다,"등산 영업: 등린이가 되.

[SUB 라디오: 영업샤원-유산소편]은 유산소 운동을 즐기는 DJ들이 여러분에게 각자의 종목을 영업합니다.
Ep.1은 등산의 효능과 즐기는 법을 소개해드리는 유익한 회차입니다.
 
관악산을 뒷산 삼을 수 있는 지금이야말로 등산을 취미로 들일 절호의 기회!

ANN : 한진모, 박경모

#서울대학교 #SUB #에슈비 #ANN",[],1319,2024-10-06,Film & Animation,0,0,0,-1,2024-10-07 18:16:57,2024,10,6,[ 영업샤원 유산소편 Ep . 1 등산을  #서울대학교 #SUB #에슈비 #ANN [SEP] Film & Animation
67,kBXnANiFF2k,UCBf372Fk9hC3ENdmbnOVcdA,"2024 교회학교 B.T.S | 6 평화의 사람, 이삭","본 교회는 CCLI 로부터 교회 저작권 라이선스와 스트리밍 라이선스를 취득하였습니다.
본 교회는 CCLI 교회 저작권 라이선스 및 스트리밍 라이선스 규정에 따라 비영리 예배 목적으로 이용합니다.

본 영상에 광고가 재생될 경우, 본 교회가 아닌 노래의 저작권자가 결정한 것으로 수익은 교회가 아닌 노래의 저작권자에게 분배됩니다.

본 교회의 라이선스 취득 사실을 CCLI 에서 확인할 수 있습니다.

""하나비전교회""
CCLI License  392781
CCLI Streaming License 1387613

#하나비전교회",[],1454,2024-10-06,Nonprofits & Activism,0,0,0,-1,2024-10-07 18:16:57,2024,10,6,교회학교 B.T.S | 6 평화의 사람 이삭  #하나비전교회 [SEP] Nonprofits & Activism
68,eeSz--hsieI,UCbF57zONeAMxsB0EGCTW6iA,한동훈 부산에서 잠옷 입은 꼬마들과 함께한 사연,"● 종이TV 자율구독료 ● 
신한은행 110-537-381004 박ㅈㅇ
국민 632302-04-024991 박ㅈㅇ 

● 종이의 멤버십 ●
https://www.youtube.com/channel/UCbF57zONeAMxsB0EGCTW6iA/join
● 페이팔 ● https://paypal.me/papertv
● 투네이션 ● https://toon.at/donate/636909380008931583

여러분들의 후원은 현실적인 큰 도움이 됩니다. 의미있게 움직이겠습니다.

제보&문의 : jeboyou1@gmail.com

00:00 한동훈 등장
02:30 금정 잠옷 부대 에피소드
05:12 한동훈과 잠옷 부대","['홍철기', '윤석열', '윤석열지지율', 'knl', '인싸it', '어벤져스', '어벤져스전략회의', '한동훈장관', '한동훈']",511,2024-10-06,Entertainment,0,0,0,-1,2024-10-07 18:16:58,2024,10,6,한동훈 부산에서 잠옷 꼬마들과 사연 홍철기 윤석열 윤석열지지율 knl 인싸it 어벤져스 어벤져스전략회의 한동훈장관 한동훈  [SEP] Entertainment
69,IVnGcsXh3JU,UCcFW4sgxgc1pb5ssbNw9hsg,"愈臭越好吃⁉️港版臭豆腐????街邊小販經典復刻 The smellier, the better⁉️ Street-side Hong Kong-style stinky tofu ????","❇️ 文字食譜／食材表 Recipe in English 
https://www.beanpanda.com/155744 

❇️ 你訂閱肥丁頻道了嗎？趕快點這裡 
https://goo.gl/rBq3rJ 

❇️ 台式臭豆腐
https://youtu.be/bJBH2dOiIxA

❇️ 台式泡菜
https://youtu.be/2QVUeTL5Isw

❇️ 容器的清潔與消毒
https://youtu.be/HKm6tAz0iNk

❇️ 輸入專享禮券碼 PAN8577 享受 iherb 購物優惠
https://iherb.co/7Yjri1h 

❇️ 加入頻道會員以獲取豆點 emoji https://www.youtube.com/channel/UCcFW4sgxgc1pb5ssbNw9hsg/join

00:00 開始
00:13 製作發酵液(臭滷水)
02:17 發酵
04:10 浸泡豆腐
05:37 油炸
_____________________________________________ 
???? 更多無添加健康食譜 Check out 700+ healthy recipes at
https://www.beanpanda.com

???? 商務合作 business@beanpanda.com 請洽 唐先生 Mr Gary Tong 
???? WeChat ID: Gary_DT 

【YouTube】 https://goo.gl/rBq3rJ
【Facebook 臉書粉絲團】https://bit.ly/3nZmP97
【IG】 https://goo.gl/b4TXil 
【Pinterest】 https://goo.gl/uPMvaK 
【B站】https://space.bilibili.com/11725121 
【微博】 http://www.weibo.com/809031472 
【微信群】beanpandacook （註明油管來加群） 
【QQ交流群】6263695 
【Youku】http://i.youku.com/beanpandahk 
【西瓜】https://www.ixigua.com/home/3614802692812189 
【抖音】beanpandacook 
【小紅書】448836727

肥丁的料理書 
????《就愛那抹綠！抹茶食光：輕食×飲品×冰品×甜點，38種甘醇微苦的美味提案》 
【繁體】博客來 http://bit.ly/36nAU7s 
【简体】當當http://bit.ly/3ZoLRyK

????《100%幸福無添加！肥丁手作點心》 
【繁體】博客來 https://goo.gl/58VK1y 
【简体】當當 http://product.dangdang.com/27870465.html 

天然。真食。原味 
熱愛手工食品　安靜的廚房日記 在生活中發現美 

❇️ Check out the written recipe on my blog 
https://www.beanpanda.com/155744 

❇️ Have you subscribed to our channel yet? Click the link to subscribe
https://goo.gl/rBq3rJ 

❇️ Use promo code PAN8577 to enjoy discounts on iHerb 
https://iherb.co/7Yjri1h 

#stinky #tofu #臭豆腐 #美味 

❇️ Join our channel to get access to exclusive emojis https://www.youtube.com/channel/UCcFW4sgxgc1pb5ssbNw9hsg/join
_____________________________________________
???? More than 700 healthy recipes, please check out
http://www.beanpanda.com

???? Business cooperation  Please email to business@beanpanda.com  
     Attn:　Mr Gary Tong
????  WeChat ID: Gary_DT

【Youtube】  https://goo.gl/rBq3rJ
【Facebook】  https://goo.gl/o1cF4S
【IG】 https://goo.gl/b4TXil
【Pinterest】  https://goo.gl/uPMvaK
【Bilibili】  https://space.bilibili.com/11725121
【Wechat Group】 beanpandacook (specify the tubing to join the group)
【Weibo】  http://www.weibo.com/809031472
【Youku】  http://i.youku.com/beanpandahk
【Xigua】  https://www.ixigua.com/home/3614802692812189

My Matcha Cookbook  (Chinese Version Only)
✅ 　Books.com.tw (Traditional Chinese) https://goo.gl/58VK1y
✅ 　 Dangdang (Simplified Chinese) http://bit.ly/3ZoLRyK

Healthy Homemade Snacks (Chinese Version Only)
Currently available in both Simplified and Traditional Chinese
✅ 　Books.com.tw (Traditional Chinese)  https://goo.gl/58VK1y
✅ 　Dangdang (Simplified Chinese)  http://bit.ly/32bJx0v

Natural ????  Real food ???? Original taste
Passionate about handmade food
The quiet kitchen diary discovers beauty in life","['臭豆腐香港', '旺角臭豆腐', '港式臭豆腐', '香港臭豆腐2024', '香港臭豆腐做法', '長沙臭豆腐香港', '香港臭豆腐推薦', 'Stinky tofu recipe', 'Stinky tofu taste', 'Stinky tofu review', 'Stinky tofu Hong Kong', 'Stinky tofu smell', 'stinky tofu has a strong one', 'what does stinky tofu smell like', '香港 台灣 臭豆腐', '香港臭豆腐2023', '太子臭豆腐', '金魚街臭豆腐', 'food challange', 'AsianCuisine', 'fermented tofu', 'TofuLovers']",489,2024-10-06,Howto & Style,0,0,0,-1,2024-10-07 18:16:58,2024,10,6,愈臭越好吃 ️ 港版臭豆腐 ? 街邊小販經典復刻 The smellier the better ⁉ ️ Street-side Hong Kong-style stinky tofu 2024 Stinky tofu recipe Stinky tofu taste Stinky tofu review Stinky tofu Hong Kong Stinky tofu smell stinky tofu has a strong one what does stinky tofu smell like 2023 food challange AsianCuisine fermented tofu TofuLovers #stinky #tofu # # [SEP] Howto & Style
70,4cw0EjX5NQ0,UCmF3ZcCBFUD-mcwg-r3SMyA,All Possible Character Deaths and Secret Deaths - Until Dawn Remake,"Every death for Emily, Ashley, Jessica, Mike, Josh, Matt and Chris in the Until Dawn Remake 2024.

*Timestamps*
Prologue
0:00 - Hannah & Beth Death

Chapter 4
1:00 - Jessica Elevator Death

Chapter 6
3:05 - Matt Deer Death
4:05 - Matt Meat Hook Death

Chapter 8
6:03 - Emily elevator death
6:25 - Emily mine escape death
6:49 - Emily meat grinder death
7:11 - Chris wendigo death
8:05 - Ashley doesn't open the door for Chris death
9:23 - Mike shoots Emily death

Chapter 9
13:11 - Ashley trapdoor death
14:06 - Mike trapdoor death
14:36 - Josh death

Chapter 10
15:45 - Jess & Matt Run Deaths
16:20 - Jess falls while hiding death
17:10 - Matt abandons Jess deaths
17:51 - Emily, Sam & Mike lodge deaths
21:41 - Ashley lodge death
22:27 - Ashley, Mike & Emily Lodge Explosion deaths


*Subscribe to my Channels*
@xLunarGaming 
@LunarGuides 
@LunarGamingGTA 

*Follow Lunar Gaming*
Website: https://xlunargaming.com/
Twitter: www.twitter.com/xLunarGaming

*Business Inquirers*
Please email: xlunargaming@gmail.com
Press Kit: https://shorturl.at/nosCQ

*Popular Videos*
https://www.youtube.com/watch?v=Ijo5sJkLVFQ
https://www.youtube.com/watch?v=nyED5cmn34A
https://www.youtube.com/watch?v=FI_HGIbvd70
https://www.youtube.com/watch?v=YtOkjxjadpA
https://www.youtube.com/watch?v=5TGOg4IXtJM

*About LunarGaming*
LunarGaming is a channel that provides unique videos on game guides, missions, collectibles and walkthroughs. I have written permission from the publisher for the games I cover.  All content is bought, recorded, edited and uploaded by me in a transformative manner.

*Attributes*
Track: Split — KV [Audio Library Release]
Music provided by Audio Library Plus
Watch: https://www.youtube.com/watch?v=RsyIznC9PXA&t=0s
Free Download / Stream: https://alplus.io/split

#LunarGaming #untildawnps5 #untildawn #lunargaming quest guide, walkthrough, gameplay, how to, where, until dawn remake, until dawn, unique weapons, weapons, best, secrets, until dawn ps5",[],1409,2024-10-06,Gaming,0,0,0,-1,2024-10-07 18:17:06,2024,10,6,All Possible Character Deaths and Secret Deaths Dawn Remake  #LunarGaming #untildawnps5 #untildawn #lunargaming [SEP] Gaming
71,u3W8VW93eIo,UCbR7bnw-DhlR-Yz-Nfsmraw,"[천안TV 뉴스] 천안시 감사담당관에 또 내부 출신 발탁, 개방형 직군 취지 '무색'","-. 천안시 감사담당관에 또 내부 출신 발탁, 개방형 직군 취지 '무색'

천안시가 감사담당관에 조창영 전 사무관을 내정했습니다. 천안시는 지난 8월 채용공고를 낸 뒤 서류 및 면접전형을 거쳐 조 전 사무관을 내정했다고 밝혔습니다. 

하지만 개방형 직위인 감사담당관에 내부 출신을 내정한 건 이 제도의 운영 취지를 훼손한 것 아니냐는 지적이 없지 않습니다. 이에 대해 조 내정자는 ""행정절차가 진행 중""이라며 말을 아꼈습니다.",[],48,2024-10-06,News & Politics,0,0,0,-1,2024-10-07 17:40:34,2024,10,6,[ 천안TV 뉴스 천안시 감사담당관에 내부 출신 개방형 직군 무색   [SEP] News & Politics
72,PAxRW_1jlSk,UCgR-jSNZobWWB6pV1FQhLXg,썸네일과 꿀 정보 사이트,"채널에 가입하여 혜택을 누려보세요.
https://www.youtube.com/channel/UCgR-jSNZobWWB6pV1FQhLXg/join",[],319,2024-10-07,Entertainment,0,0,0,-1,2024-10-07 17:40:35,2024,10,7,썸네일과 꿀 정보 사이트   [SEP] Entertainment
73,h4KtZ183cQs,UCgJ5pT6S2NuTVP-6-AlLZew,"김근우 전문가의 진단! '롯데에너지머티리얼즈' [랭킹쇼, 오 나의 주식] #랭킹쇼 #토마토증권통","????수익내기 어려운 주식 시장! 쩜상 수익률을 얻고 싶다면?
????1. 유튜브 멤버십 가입 후 
 https://www.youtube.com/channel/UCgJ5pT6S2NuTVP-6-AlLZew/join 
????2. 쩜상 회원 등록 
 https://jjeomsang.com
 1번 2번 차례대로 진행하면 쩜상 수익률 얻을 특별한 정보와 더불어 선물까지~!



????쩜상 아카데미 1강 개설!!! 
아카데미 영상을 맛볼 수 있는 [아카데미 1강 보기] 등급을 개설했습니다
이번 달 시청 가능한 1강은 [신기수의 벽타기 기법1편], [김동현의 투자의 기본1편], [주도주의 귀환 제약/바이오1편] 영상 입니다. 

???? 매일 오전 10시???? 쩜상 시크릿!
- 개장 시황 - 급등주 분석 - 실시간 종목진단
✔ 쩜상 유튜브 라이브 바로가기 - https://www.youtube.com/playlist?list=PL9XC99if0CXj29760iCIAR5_6oMk_Cnl_
=======================","['쩜상', '쩜상시크릿', '경제', '증권', '금융', '경제정보', '주식', '투자', '상승', '상한가', '텐배거', '수익률', '경제방송', '방송', '아카데미', '토마토증권통', '토마토tv']",268,2024-10-06,Education,0,0,0,-1,2024-10-07 17:46:04,2024,10,6,김근우 전문가의 진단 롯데에너지머티리얼즈 랭킹쇼 오 나의 주식 랭킹쇼 토마토증권통 쩜상 쩜상시크릿 경제 증권 금융 경제정보 주식 투자 상승 상한가 텐배거 수익률 경제방송 방송 아카데미 토마토증권통 토마토tv  [SEP] Education
74,MrbGbdFs9Bw,UCYjvyNhwR3o-z2qf574Bxxw,【スタマス】歌織ソロで THE IDOLM@STER (mod使用),使用mod：glossyhair(髪のハイライト変更)、胸揺れ(拾い物･名称不明)、ステージ演出の一部無効化(自作)、NoMarkLight(マークライト無効化)、ステージ機材類やライトの一部非表示化(自作)、ステージマップの差し替え(自作)、privdance(私服とレッスンウェアの入れ替え)、歌織の私服改変(自作)、顔表面の陰影と光反射の有効化(自作)、目の一部テクスチャの色調反転(自作)、カメラコンフィグの変更(自作)、フラッシュ演出の無効化(※非mod)、被写界深度の無効化(※非mod),[],153,2024-10-06,Gaming,0,0,0,-1,2024-10-07 17:46:07,2024,10,6,スタマス 歌織ソロで THE IDOLM @STER ( mod使用   [SEP] Gaming
75,yoeTDrUB-_o,UC5nb-RyhzNVEyDui9S6G-FQ,[5 WORDS COMPILATION] Learn 5 Korean Words / Phrases (Part 16),"Learn korean with us! Here's your daily dose of korean lesson for today:

[5 WORDS COMPILATION] Learn 5 Korean Words / Phrases (Part 16)

Don't forget to like this video and subscribe to this channel for more korean words!

✨Related Topics✨

hangul
learn hangul
easy korean
write korean
learn korean 
speak korean
korean words
korean phrases 
korean grammar
korean language
korean vocabulary
learn korean words
basic korean tutorial 
learn korean grammar 
learn korean language
learn korean vocabulary
korean language writing
korean language hangul
korean language lesson
hangul reading practice
basic language tutorial
basic korean language
korean pronunciation
hangul pronunciation
hangul basic tutorial
hangul consonants
hangul beginners
hangul explained
korean alphabet
hangul alphabet
hangul learning
hangul vowels
hangul lesson
hangul basic
hangul class

☀️ Suggested Playlists ☀️
https://youtube.com/playlist?list=PLMgcTV01W4qPhIlMiXKC3T2lRiiHE6KsU
https://youtube.com/playlist?list=PLMgcTV01W4qOxuF_BDlltshv528xR68Kt
https://youtube.com/playlist?list=PLMgcTV01W4qO00slpqRmvWAI5pFdkWhhl

Dae-Hangul's Podcast ????️
https://open.spotify.com/show/49zqHYoJWoKiX89Ak0awAm?si=zG6HkU5sSx6InKUixsTBxw
Dae-Hangul's Blog ???? 
https://dae-hangul.blogspot.com/?m=1",[],1394,2024-10-06,Education,0,0,0,-1,2024-10-07 17:47:20,2024,10,6,[ 5 WORDS COMPILATION Learn 5 Korean Words Phrases (Part 16   [SEP] Education
76,vVESW6PGEas,UC6NBV9uw6D9vxKOFlcNpR9w,"1488 (상권탐방) 김천혁신도시 부동산, 지금이 투자 적기인가? – 공실 문제와 전망 분석 @강산부동산TV","1488 (상권탐방) 김천혁신도시 부동산, 지금이 투자 적기인가? – 공실 문제와 전망 분석  @강산부동산TV  

천혁신도시, 공실 문제 해결의 열쇠를 찾다 - 지금이 투자 적기일까?
김천혁신도시가 조성된 지 어느덧 10년이 넘었습니다. 2005년 1차 공공기관 지방 이전 결정 이후, 무려 12곳의 공공기관이 이곳에 둥지를 틀었지만 도시의 인프라와 상권 활성화에는 여전히 해결해야 할 문제들이 산적해 있습니다. 현재 김천혁신도시의 부동산 시장을 자세히 분석해 보겠습니다.

[1부: 김천혁신도시의 현황과 생활 인프라 부족]
김천혁신도시의 가장 큰 과제는 생활 인프라 부족입니다. 상가나 병원, 문화시설 등이 들어와야 도시가 활성화되는데, 소비자가 예상보다 적어 상점이나 서비스업체의 진출이 어려운 실정입니다. 교통, 교육, 문화, 체육 시설은 여전히 부족하여 주민들이 불편을 겪고 있습니다.

이러한 인프라의 부족은 지역 균형 발전을 목표로 추진 중인 2차 공공기관 이전에도 영향을 미치고 있습니다. 현재 정부는 더 많은 공공기관을 신도시로 옮겨 정착하려고 계획하고 있지만, 이 조치만으로 도시 활성화를 이끌 수 있을지에 대해서는 의문이 제기되고 있습니다.

[2부: 김천혁신도시와 인구의 중요성]
결국 신도시 개발의 성공 여부는 인구에 달려 있습니다. 인구가 늘어나야 상권이 활성화되고 생활 인프라가 늘어나면서 도시가 안정적으로 정착할 수 있습니다. 그러나 너무 과하게 인프라를 조성해 놓았다가 예상만큼 소비가 따르지 않아 상가와 건물들이 텅 비게 되는 상황도 주의해야 합니다. 현재 김천혁신도시에서는 이러한 부동산 공실 문제가 큰 과제로 남아 있습니다.

세입자들이 유동인구의 부족을 보고 공실에 들어올 엄두를 내지 못하고 있습니다. 수익이 보장되지 않으니 상가 임대료를 감당할 수 없고, 결과적으로 공실이 계속 쌓이는 악순환이 발생하고 있습니다. 이는 상권의 침체로 이어지고, 투자자들의 손해로 귀결되는 상황입니다.

[3부: 주말의 도시, 조용한 김천혁신도시]
혁신도시 내 기업 직원들이 주말이 되면 서울 등 다른 도시로 빠져나가면서 그나마 유지되던 도시의 기능도 멈춥니다. 주말이 되면 상가와 거리가 텅 빈 유령 도시로 변하는 것이 김천혁신도시의 현실입니다. 공실의 문제는 이곳을 더욱 침체된 분위기로 만들고, 신규 투자자들이 접근하기 어렵게 만듭니다.

[4부: 접근성 문제와 김천의 특성]
또 하나의 문제는 혁신도시와 김천 구시가지 간의 접근성입니다. 두 지역이 어중간하게 떨어져 있다 보니 김천 시민들도 혁신도시에 쉽게 방문하지 않습니다. 이로 인해 도심과의 상권 연계가 힘들어지고, 혁신도시 자체 상권이 활성화되지 못하는 결과를 초래하고 있습니다.

[결론: 김천혁신도시의 미래와 부동산 투자 전략]
김천혁신도시의 문제는 인구와 인프라의 균형에 있습니다. 인구가 늘어나야 도시 개발이 성공할 수 있지만, 단순히 인구 증가만으로 해결되지는 않습니다. 교통, 교육, 문화, 의료 등 생활 인프라가 함께 지원되어야만 도시가 균형 있게 발전할 수 있습니다. 그리고 사전에 과도한 인프라 투자를 피하고, 실수요에 맞춘 개발을 하는 것이 중요합니다.

도시의 활성화를 위해서는 유동인구와 정주 인구를 늘려야 합니다. 특히, 가족 단위로 이주해 오고, 오래 정주할 수 있는 여건을 마련하는 것이 핵심입니다. 이는 상권 활성화와 부동산 가치 상승을 위한 필수 요소이기도 합니다.

지금 김천혁신도시에 투자해야 할까요? 현실적인 관점에서 보았을 때, 김천혁신도시는 문제점이 분명하지만, 동시에 해결책도 존재하는 도시입니다. 현재 부동산 시장의 흐름을 잘 파악하고, 적절한 시기에 알맞은 매물을 선택한다면 투자 가치가 충분합니다.

#김천혁신도시 #부동산투자 #김천상권 #공실문제 #부동산공급 #생활인프라 #2차공공기관이전 #혁신도시 #도시개발 #김천부동산 #유령도시 #인구유입 #신도시투자 #상권활성화 #지역균형발전 #김천구도심 #부동산전망 #투자전략 #김천인프라 #김천생활인프라

김천혁신도시, 부동산투자, 김천부동산, 공실문제, 혁신도시투자, 김천상권, 인프라개발, 유령도시, 김천도시개발, 신도시인구, 상권활성화, 지역균형발전, 김천부동산시장, 부동산전망, 2차공공기관이전, 인구유입전략, 김천인프라개선, 김천구도심, 도시재생, 부동산공급

강산공인중개사사무소 홍웅경 소장 
경북 포항시 북구 법원로17(장성동)
등록번호 4203-1186
010-4433-5995.054-254-1100

★밴드 : '#부재투-#포항부동산정보' 밴드
https://band.us/@phkangsan

★ 더 많은 매물을 보실려면 #휴대폰홈페이지 - #포항아파트닷컴 http://phapt.com 

★카카오TV : https://tv.kakao.com/channel/3720145

★ #강산부동산TV #유튜브체널
https://www.youtube.com/channel/UC6NBV9uw6D9vxKOFlcNpR9w","['김천혁신도시', '부동산투자', '김천부동산', '공실문제', '혁신도시투자', '김천상권', '인프라개발', '유령도시', '김천도시개발', '신도시인구', '상권활성화', '지역균형발전', '김천부동산시장', '부동산전망', '2차공공기관이전', '인구유입전략', '김천인프라개선', '김천구도심', '도시재생', '부동산공급']",638,2024-10-06,Travel & Events,0,0,0,-1,2024-10-07 17:47:20,2024,10,6,1488 ( 상권탐방 김천혁신도시 부동산 투자 – 공실 분석 @ 강산부동산TV 김천혁신도시 부동산투자 김천부동산 공실문제 혁신도시투자 김천상권 인프라개발 유령도시 김천도시개발 신도시인구 상권활성화 지역균형발전 김천부동산시장 부동산전망 2차공공기관이전 인구유입전략 김천인프라개선 김천구도심 도시재생 부동산공급 #김천혁신도시 #부동산투자 #김천상권 #공실문제 #부동산공급 #생활인프라 #2차공공기관이전 #혁신도시 #도시개발 #김천부동산 #유령도시 #인구유입 #신도시투자 #상권활성화 #지역균형발전 #김천구도심 #부동산전망 #투자전략 #김천인프라 #김천생활인프라 #부재투 #포항부동산정보 #휴대폰홈페이지 #포항아파트닷컴 #강산부동산TV #유튜브체널 [SEP] Travel & Events
77,YjCWtdMCtOI,UC6nGdjUKN63ohipZJ7itLqA,MC가수서   희  개회사및주민케인사,2024.10.6.SME.예술단애국선열들이잠들어있는마우역사문확공원에시가을맞이 대 FESTIYAL,[],101,2024-10-06,People & Blogs,0,0,0,-1,2024-10-07 17:47:20,2024,10,6,MC가수서 희 개회사및주민케인사   [SEP] People & Blogs
78,Rn658oedcAA,UC6nukbhpeX-JGwKrbAFfM8A,"【비트겟, 기대되는 신작】밈 코인 런치풀 오픈!","✨ ▼비트겟 수수료 50% 할인 링크▼
https://partner.bitget.com/bg/W5U7SC

????▼ 모바일 유저라면 아래 링크 클릭!▼
https://partner.bitget.com/bg/RnErEr

───────────────────

????바이비트 20% 할인 링크
https://partner.bybit.com/b/lioninvestment

???? MEXC 수수료 10% 할인 링크
https://www.mexc.com/register?inviteCode=mexc-1KQo3

???? 바이낸스 수수료 할인 링크
https://accounts.binance.com/en/register?ref=RWDWWUU5

───────────────────

코인 거래에 필요한 용어 및 사용법을
리온인베스트먼트가 친절하게 설명드립니다!
궁금하신 점은 댓글 남겨주시면 답변드리겠습니다 :)

───────────────────

????고객센터 (평일 09:00-18:00)
010-5503-5762

????리온인베스트먼트 텔레그램 바로가기????
https://t.me/lionplayroom

????리온인베스트먼트 교육 카페 
https://cafe.naver.com/lion6626


#비트겟  #비트겟거래소 #비트겟거래소사용법 #한글버전 #BITGET #모바일 #비트겟사용법  #설치방법 #모의투자 #P2E #바이비트 #에어드랍 #USDC #usdt #런치패드 #런치패드방법 #런치풀 #에어드랍 #한글판 #영문판 #해외선물 #FX마진 #주식 #리온인베스트먼트 #기초강의 #무작정따라하기 #빗썸 #업비트 #bybit #코인선물 #마진거래 #모의투자",[],226,2024-10-06,Education,0,0,0,-1,2024-10-07 17:47:20,2024,10,6,비트겟 기대되는 신작 밈 코인 런치풀 오픈  #비트겟 #비트겟거래소 #비트겟거래소사용법 #한글버전 #BITGET #모바일 #비트겟사용법 #설치방법 #모의투자 #P2E #바이비트 #에어드랍 #USDC #usdt #런치패드 #런치패드방법 #런치풀 #에어드랍 #한글판 #영문판 #해외선물 #FX마진 #주식 #리온인베스트먼트 #기초강의 #무작정따라하기 #빗썸 #업비트 #bybit #코인선물 #마진거래 #모의투자 [SEP] Education
79,6DZs0H-eLAg,UC8NfltsPPpEpH4ZZk7seQlw,찔레꽃 (장구난타)# 김포한강@ 야시장 이벤트행사장 #,,[],120,2024-10-06,Entertainment,0,0,0,-1,2024-10-07 17:47:20,2024,10,6,찔레꽃 장구난타 김포한강 @ 야시장 이벤트행사장   [SEP] Entertainment
80,kqxd7LqoBOs,UC8ng6Z03LByFKtPYDfG0hxg,10월 7일 이쁜화분 실용성있는 화분 할인중,"안녕하세요 
업로드가 계속안되어서 이제 올려드립니다 

행복한하루 되세요 




#다담다육이야기 
#다육화분싸게파는곳 
#수제공방화분 
#할인판매",[],1244,2024-10-06,People & Blogs,0,0,0,-1,2024-10-07 17:47:20,2024,10,6,10월 7일 이쁜화분 실용성있는 화분 할인중  #다담다육이야기 #다육화분싸게파는곳 #수제공방화분 #할인판매 [SEP] People & Blogs
81,FO67dWY_7zY,UC9nMI127g4Asi_oxJRL0RqA,"""그런 얘기들 들었다고 해주면 되지 뭐"", 李 위증교사 의혹 '30분 녹취록 공개' [강적들]",지난 9월 30일 서울중앙지방법원에서 열린 이재명 더불어민주당 대표의 위증교사 혐의 결심공판 현장에서 최후변론에 나선 이 대표 변호인 이승엽 변호사는 녹음파일을 법정에서 틀었다. 2019년 1월 8일 이 대표 측 변호사와 김진성씨 사이에 오간 전화통화 파일이었습니다. 더 자세한 내용은 강적들에서 확인해 보세요.,[],381,2024-10-06,News & Politics,0,0,0,-1,2024-10-07 17:47:21,2024,10,6,해주면 되지 뭐 李 위증교사 의혹 30분 녹취록 공개 강적들   [SEP] News & Politics
82,C4InT_qqIfs,UCaN9OZRgZe_40KXFQ4dMxAA,[지금뉴스] “이겼으니 2차 토론 안 해야지” 주가는 10% ‘털썩’,[지금뉴스] “이겼으니 2차 토론 안 해야지” 주가는 10% ‘털썩’,[],212,2024-10-06,People & Blogs,0,0,0,-1,2024-10-07 17:47:21,2024,10,6,지금뉴스 이겼으니 2차 토론 안 해야지 주가는 10% 털썩   [SEP] People & Blogs
83,G0EBDUNwerY,UCcNsyWRIKnHkSxJnGlSzeuA,만족감 그 이상 | NEW HYPER SERIES​,"300도까지 가열하는​
차원이 다른 강렬함 그 이상*을 경험해보세요​.

*글로 하이퍼 X2 스탠다드 모드 대비.​
본 제품은 무해하지 않으며, 중독성이 있는 니코틴을 포함하고 있습니다.​

※ 만 19세 이상 성인만을 위한 제품입니다.​

#글로 #glo #하이퍼 #HYPERSERIES​
#전자담배 #전담 #전자담배추천 #궐련형전자담배​",[],46,2024-10-06,People & Blogs,0,0,0,-1,2024-10-07 17:47:21,2024,10,6,만족감 이상 NEW HYPER SERIES ​  #글로 #glo #하이퍼 #HYPERSERIES #전자담배 #전담 #전자담배추천 #궐련형전자담배 [SEP] People & Blogs
84,l71iwVi2rGE,UConQyxlwPlR8yC0bUNCT_JA,"[네이로 코인전망] 폭등 적중!! 오늘 다시 신고점을 달성한 이유? 이번달 재단에서 발표할 대형호재 주목, 단기 목표가 '여기'까지 봐야할 이유는? #NEIRO","코린이 구독자 이벤트  무료 문자이벤트

코인사부

010-5885-6779
코인명문자 -
 대응타점 공유

""스윙"" 문자 -
급등하기 전 해외에서 ""뜨거운""코인 정보 제공

입맛에 맞춰 부담없이 무료로 이용하세요.


#네이로코인,#네이로이더,#네이로 오토미,#네이롤,#제네이로,#네이로 코인,#네이로cto,#네이로 디시,#네이로 바이낸스,#네이로이더 코인,#네이로 이더,#네이로 시총,#네이로 코인판,#네이버 블로그,#리오데자 네이로","['#네이로코인', '#네이로이더', '#네이로 오토미', '#네이롤', '#제네이로', '#네이로 코인', '#네이로cto', '#네이로 디시', '#네이로 바이낸스', '#네이로이더 코인', '#네이로 이더', '#네이로 시총', '#네이로 코인판', '#네이버 블로그', '#리오데자 네이로']",508,2024-10-06,Entertainment,0,0,0,-1,2024-10-07 17:47:24,2024,10,6,"[ 네이로 코인전망 적중 다시 신고점을 달성한 이유 이번달 재단에서 발표할 대형호재 주목, 단기 목표가 '여기 봐야할 이유는 NEIRO 네이로코인 네이로이더 네이로 오토미 네이롤 제네이로 네이로 코인 네이로cto 네이로 디시 네이로 바이낸스 네이로이더 코인 네이로 이더 네이로 시총 네이로 코인판 네이버 블로그 리오데자 네이로 #네이로코인 #네이로이더 #네이로 #네이롤 #제네이로 #네이로 #네이로cto #네이로 #네이로 #네이로이더 #네이로 #네이로 #네이로 #네이버 #리오데자 [SEP] Entertainment"
85,XIcWdTxUiVY,UCjQyihEH9NbeYVMeC8NBnqw,가짜반지 - 공훈 / 불타는 장미단 인기곡 / 이태무 [원곡 선풍],"불타는 장미단에서 공훈씨가 끼부리며 ""가짜반지""를 부르는 모습에 시청자와 출연진이 좋아해서 역주행하는 노래 
""가짜반지""를 태무쌤과 함께 재밋게 불러봅시다 ~.^♡

Casting 010-6223-5213 
#가짜반지_공훈_불타는_장미단 #공훈가짜반지 #공훈_가짜_반지 #가짜반지 #이태무_가짜반지_배우기 #공훈_가짜반지 #이태무_가짜반지 #태무쌤 _포인트강의_쪽집개_강의 #이태무노래교실_현장분위기 #가짜반지배우기 #가짜반지티칭 #가짜반지노래교실 #가짜반지부르기 #가짜반지_가사_자막_악보_노래
#가성비최고가수이태무 #날라리가수 #신나는가수 #놀줄하는가수 #분위기심패소생가수이태무
#이태무 #가수이태무 #이태무노래
#이태무선생님 #이태무노래교실 #트롯  #태무쌤 #인기노래강사 #스타노래강사이태무 #노인복지전문강사 #평생교육전문강사 #특강전문_일타노래강사",[],107,2024-10-06,Music,0,0,0,-1,2024-10-07 17:47:40,2024,10,6,가짜반지 공훈 불타는 장미단 인기곡 이태무 원곡 선풍  #가짜반지 #공훈가짜반지 #공훈 #가짜반지 #이태무 #공훈 #이태무 #태무쌤 #이태무노래교실 #가짜반지배우기 #가짜반지티칭 #가짜반지노래교실 #가짜반지부르기 #가짜반지 #가성비최고가수이태무 #날라리가수 #신나는가수 #놀줄하는가수 #분위기심패소생가수이태무 #이태무 #가수이태무 #이태무노래 #이태무선생님 #이태무노래교실 #트롯 #태무쌤 #인기노래강사 #스타노래강사이태무 #노인복지전문강사 #평생교육전문강사 #특강전문 [SEP] Music
86,nykuzjo0gPc,UCyrlaqh4Tu34QfqEQCJxM9w,只要聽歌就可以免費挖礦？ /Tips Coin Song,"TIPS COIN song의 무료 음원의 가사 음원 저작.소유권은 tips 재단의 소유권입니다.
무료 음원을 영업 운영 매장에서 상업적으로 이용하실 경우 허락 승인 요청을 tipsweb3.com 음악 채널 무료 채굴 카테고리에 포스트를 적으시면 승인합니다. 

상업적으로 이용하는 매장 면적에 제한이 없고 팁스 재단의 특별한 사용 정지 고지가 없는 한 당분간 무제한 무료 이용됩니다. 다만.불법 다운로드는 안됩니다.

다만 블로그 포스팅시 음원을 퍼갈 수 있습니다. 
불법 음원 무단 복제로 법적 소송을 당할 수 있습니다.
TIPS COIN song의 무료 음원의 가사 음원 저작.소유권은 tips 재단의 소유권입니다.무료 음원을 상업적 불법 음원 무단 복제로 법적 소송을 당할 수 있습니다.
(The copyright of the free sound source of TIPS COIN song. The ownership belongs to the tips foundation. If you use the free sound source commercially, you may be subject to legal action for illegal reproduction of the sound source.)

kdiacoin exchange(거래소)- https://www.digifinex.com/en-ww/trade...
Welcome to www.tipsweb3.com
농협: 차관성 302 2173 5680  81
상담 문의는 문자로: 010  2173  5680

간단한 생일 축하송의 경우 축하 받을 생일자의 성명을 삽입할 경우 10.000원
구체적인 사연을 음원으로 만들어 생일을 축하할 경우 별도 문의
 청혼송외 사랑송
구체적인 사연을 작성해 사랑의 의미를 음원으로 전달할 경우 기본: 50.000원
자영업 가게 이름과 기업명 홍보송
구체적인 홍보 내용을 작성해 노래 가사로 전달할 경우 기본:100.000원
tipsweb3.com tips coin 무료 채굴 플랫폼에서 현재 채굴한 코인의 가치는?
현재 1주 7.000에 거래되고 있으나 매물로 내놓는 파는 사람이 없습니다.
tips coin은 하루 1주 누구나 회원으로 가입 시 무료 채굴되고 있 고 
현재 하루 다량의 코인을 채굴하는 분은 매달 10만 원 이상 지불하면서 유료 채굴 되고 있는
미래 가치가 형성되고 있는 코인입니다.

기업송.생일송등 다양한 음원은 현금 결제를 할 수도 있으며 무료 채굴하신 tips coin으로 결제를 하셔도 되는 현금 가치가 형성되고 있는 미래 가치 코인입니다.
tips coin으로 결제를 하실 분은 tipsweb3.com을 이용하세요.
TIPS COIN song 무료 음원(생일.기업.청혼외 홍보송 주문 제작) 문의는 팁스 플랫폼 
무료 음악 채굴 카테고리에 질의하시고 주문하세요.

kdiacoin exchange(거래소)- https://www.digifinex.com/en-ww/trade...
Welcome to www.tipsweb3.com

For a simple birthday song, insert the name of the person receiving the congratulations and pay 10,000 won
If you create a specific story as a sound source to celebrate the birthday, please inquire separately
Proposal song and other love songs
If you write a specific story and convey the meaning of love as a sound source, basic: 50,000 won
Promotional song for self-employed store name and company name
If you write a specific promotional content and convey it as song lyrics, basic: 100,000 won

What is the value of the coin currently mined on the tipsweb3.com tips coin free mining platform?
It is currently trading at 7,000 per week, but there are currently no trading items.
Tips Coin is mined for free for one week when anyone signs up as a member.
Currently, many members are paying more than 100,000 won per month, and it is a coin with future value that is being mined for a fee.

You can pay in cash for various music sources such as corporate songs and birthday songs, and you can also pay with the tips coins you mined for free.
It is a coin with future value that is being formed as cash value.
If you want to pay with tips coins, please use tipsweb3.com.
For inquiries about free music sources (birthday, corporate, proposal, and promotional songs), please inquire in the tips platform
Free music mining category and place your order.","['비트코인.무료채굴.돈 벌기.부자되기.이더리움.도지코인.xrp.리플.', 'BTC.GLM.ONG.ETC.ETH.XRP.DOGE.SOL.XEC.DOGE.ADA.TRX.XEC.XLM.DOT', 'hpo.bat.hive.ARDR.EGLD.KNC', 'MOC.SNT.HBAR.AAVE.STRIKE.TT.CRE', 'IMX.STPT.MANA.ICX.JST.MLK.ION.XEM', 'GRS.SXP.MBL.ARK.QKC.IOTA.', '.WAXP.KAVA.STOR.ZIL.MVL.ATOM.IOST', '.XLM.CELO.ALGO.POWR.CBK.THETA.MINA.', 'HUNT.LINK.DOT.MASK.LOOM.DKA.BLUR', 'AHT.GLM.STMX.SC.ARB.BTG.BSV.CHZ.CTC.QTUM.', '.AXS.EOS.FLOW.GMT.MATIC.HIFI.CVC.Sand', 'ONT.ID.META.ONG.DOGE.BTC.SHIB', 'XEC.UPP.GRT.ADA.ETC.BORA.STRAX', 'PYTH.ORBS.ANKR.SEI.NEAR.SBD.STX']",148,2024-10-06,Music,0,0,0,-1,2024-10-07 17:47:50,2024,10,6,只要聽歌就可以免費挖礦 ？ Tips Coin Song 비트코인무료채굴돈 벌기부자되기이더리움도지코인xrp리플 BTCGLMONGETCETHXRPDOGESOLXECDOGEADATRXXECXLMDOT hpobathiveARDREGLDKNC MOCSNTHBARAAVESTRIKETTCRE IMXSTPTMANAICXJSTMLKIONXEM GRSSXPMBLARKQKCIOTA WAXPKAVASTORZILMVLATOMIOST XLMCELOALGOPOWRCBKTHETAMINA HUNTLINKDOTMASKLOOMDKABLUR AHTGLMSTMXSCARBBTGBSVCHZCTCQTUM AXSEOSFLOWGMTMATICHIFICVCSand ONTIDMETAONGDOGEBTCSHIB XECUPPGRTADAETCBORASTRAX PYTHORBSANKRSEINEARSBDSTX  [SEP] Music
87,Ni1wwvLC_60,UCwSc1s-c_zAtaWGwJ1a7XAg,グラビアタレント・まいてぃが関西プールフェスでゴールド水着で登場！＜KANSAI POOL FES＞,"#撮影会 #プール撮影会  #まいてぃ

10月6日、KANSAI POOL FES ~8th Anniversary~ with京都下鴨茶論＆鴨コス（通称：関西プールフェス)が開催された。

Tバック隊長の名で人気のグラビアタレント・まいてぃが大胆なゴールドの水着で
登場した。まいてぃはWWSチャンネルのインタビューに応じ、衣装のポイントから撮影会の
盛り上がりのこと、今後挑戦してみたいことなど語った。


WWSチャンネル(https://www.wws-channel.com/)では
音楽・ファッション・アイドルを中⼼にエンタメ情報を配信しています。

WWSチャンネルを登録する　
↓
https://www.youtube.com/channel/UCwSc1s-c_zAtaWGwJ1a7XAg?sub_confirmation=1","['WWSチャンネル', 'WWS', 'KANSAI POOL FES', 'まいてぃ']",89,2024-10-06,Entertainment,0,0,0,-1,2024-10-07 17:47:55,2024,10,6,グラビアタレント まいてぃが関西プールフェスでゴールド水着で登場 ！ ＜ KANSAI POOL FES WWS WWS KANSAI POOL FES # # # [SEP] Entertainment
88,q5g1V6B7aiE,UCtYi-duCpntglMpy5fAvvrQ,2024년 불티나게 팔린 어묵탕 추천순위 TOP10,"❤️❤️❤️ 어묵탕 구매 가격 평점 리뷰 정리해 봤어요! ❤️❤️❤️
이 포스팅은 쿠팡파트너스 활동의 일환으로, 이에 따른 일정액의 수수료를 제공받습니다.
상품 구매 및 상세한 정보는 더보기 참고해 주세요.





[00:06]
10위. #대림선 어묵 진종합 205g 2개 [5,980원]
????구매링크????https://link.coupang.com/a/bUYCvt

[00:11]
9위. #고래사어묵 탕 시원한맛 6개 360g [17,770원]
????구매링크????https://link.coupang.com/a/bUYCw1

[00:17]
8위. #cj제일제당 삼호 시원한오뎅한그릇360gx10개 360g 10개 [22,700원]
????구매링크????https://link.coupang.com/a/bUYCyu

[00:22]
7위. #범표어묵 부산어묵 사각어묵 특상천 어묵(520g) 520g 2개 [14,900원]
????구매링크????https://link.coupang.com/a/bUYCz0

[00:28]
6위. #고래사어묵 바로 끓여먹는 꼬치어묵전골 & 유부주머니 2~3인분  [11,130원]
????구매링크????https://link.coupang.com/a/bUYCBy

[00:33]
5위. #cj제일제당 얼큰오뎅한그릇360gx5개+시원한오뎅한그릇360gx5개 1세트 360g [22,700원]
????구매링크????https://link.coupang.com/a/bUYCDn

[00:39]
4위. #범표어묵 캠핑어묵 꼬불이 꼬치어묵 500g 3개 [35,400원]
????구매링크????https://link.coupang.com/a/bUYCE1

[00:44]
3위. #범표어묵 밀가루없는 모듬수제어묵 18종 1개 900g [17,900원]
????구매링크????https://link.coupang.com/a/bUYCGE

[00:50]
2위. #고래사어묵 국탕용 종합 어묵 450g 1팩 [8,950원]
????구매링크????https://link.coupang.com/a/bUYCIc

[00:55]
1위. #범표어묵 어묵탕 반찬 3종 1호 세트 2.3kg  [42,970원]
????구매링크????https://link.coupang.com/a/bUYCJZ

이 포스팅은 쿠팡파트너스 활동의 일환으로, 이에 따른 일정액의 수수료를 제공받습니다.",[],77,2024-10-06,News & Politics,0,0,0,-1,2024-10-07 17:48:29,2024,10,6,불티나게 팔린 어묵탕 추천순위 TOP10  #대림선 #고래사어묵 #cj제일제당 #범표어묵 #고래사어묵 #cj제일제당 #범표어묵 #범표어묵 #고래사어묵 #범표어묵 [SEP] News & Politics
89,EtpYb5vZRZ8,UCtYi-duCpntglMpy5fAvvrQ,2024년 불티나게 팔린 lg전자렌탈 추천순위 TOP10,"❤️❤️❤️ lg전자렌탈 구매 가격 평점 리뷰 정리해 봤어요! ❤️❤️❤️
이 포스팅은 쿠팡파트너스 활동의 일환으로, 이에 따른 일정액의 수수료를 제공받습니다.
상품 구매 및 상세한 정보는 더보기 참고해 주세요.





[00:06]
10위. #LG전자 일반형냉장고 화이트 B602W33 [866,670원]
????구매링크????https://link.coupang.com/a/bUYg8P

[00:11]
9위. #LG전자 통돌이세탁기 TR10WL 10kg 방문설치 화이트 [339,960원]
????구매링크????https://link.coupang.com/a/bUYhaM

[00:17]
8위. #LG전자 일반 2도어 냉장고 방문설치 B332S34 [497,020원]
????구매링크????https://link.coupang.com/a/bUYhcM

[00:22]
7위. #LG전자 원동고 냉동고 A320S [685,260원]
????구매링크????https://link.coupang.com/a/bUYheA

[00:28]
6위. #[색상선택형] LG전자 디오스 오브제 컬렉션 베이직 상냉장  [1,753,850원]
????구매링크????https://link.coupang.com/a/bUYhgp

[00:33]
5위. #[색상선택형] LG전자 오브제 컬렉션 빌트인 모던엣지 메탈  [690,780원]
????구매링크????https://link.coupang.com/a/bUYhh3

[00:39]
4위. #[색상선택형] LG전자 오브제 2도어냉장고 메탈 오브제컬렉션 일반냉장고  [433,500원]
????구매링크????https://link.coupang.com/a/bUYhjM

[00:44]
3위. #LG전자 일반형냉장고 화이트 B502W33 [623,140원]
????구매링크????https://link.coupang.com/a/bUYhlM

[00:50]
2위. #LG전자 2도어 일반냉장고 189L 방문설치 화이트 B182W13 [367,680원]
????구매링크????https://link.coupang.com/a/bUYhnh

[00:55]
1위. #[색상선택형] LG전자 디오스 오브제컬렉션 양문형 냉장고 메탈  [1,044,230원]
????구매링크????https://link.coupang.com/a/bUYhoB

이 포스팅은 쿠팡파트너스 활동의 일환으로, 이에 따른 일정액의 수수료를 제공받습니다.",[],77,2024-10-06,News & Politics,0,0,0,-1,2024-10-07 17:48:29,2024,10,6,불티나게 팔린 lg전자렌탈 추천순위 TOP10  #LG전자 #LG전자 #LG전자 #LG전자 # # # #LG전자 #LG전자 # [SEP] News & Politics
90,J6CnBsFNhvw,UCwySvjegLV4Fut1MeHI3b4g,김포꿈꾸는교회 주일 3부예배 찬양(2024.10.06),"- 마하나임 찬양단
- 인도 : 이도성 목사

*찬양

***본 교회는 CCLI로부터 교회 저작권 라이센스와 
     스트리밍 라이센스를 취득하였습니다
     본 영상은 CCLI 라이센스 규정에 따라 비영리 
     예배목적으로 이용 됩니다
     본 영상에 광고가 재생될 경우 본 교회가 아닌 
     저작권자가 결정한 것으로 수익은 교회가 아닌 
     저작권자에게 분배됩니다
     본 교회의 라이센스 취득 사실은 CCLI에서 
     확인 할 수 있습니다
     CCLI License #644831​​​​​​​​
     CCLI Streaming License #1684899

#김포꿈꾸는교회 #온라인예배 #온라인찬양 #CCM #주일예배

***꿈꾸는 교회 홈페이지
      http://www.gpdc.kr",[],1032,2024-10-06,People & Blogs,0,0,0,-1,2024-10-07 17:48:30,2024,10,6,김포꿈꾸는교회 3부예배 찬양 (2024  #644831 #1684899 #김포꿈꾸는교회 #온라인예배 #온라인찬양 #CCM #주일예배 [SEP] People & Blogs
91,D7lCIhA84ys,UCLZBXiS9ZrIXgKBs_SMfGBQ,[SUB]伊朗以色列滅絕戰？陸做台海戰時準備 新聞大白話 20241005 (字幕版),"✔訂閱【TVBS戰情室】https://bit.ly/2sDiKcZ
完整版HD集數快速找➔https://bit.ly/2Etctbf
【2024總統大選】➔https://reurl.cc/l7Np1d
【戰情室上線啦】最真實直播點我看➔https://reurl.cc/5OD2YR
【新聞翟急便】特別企劃➔https://bit.ly/2JiJgoA
趙少康X陳文茜談國際➔https://reurl.cc/4my5pY
美國下一步怎麼走?➔https://bit.ly/3qlGCig
美豬議題➔https://bit.ly/2VqaSdD
兩岸關係怎麼辦➔https://bit.ly/3qmFmeI
關心新冠肺炎疫情➔https://bit.ly/2tXmOJU
頻道LIVE直播專區➔https://reurl.cc/5qokMR
中美台緊張關係➔https://reurl.cc/q8mzZR
TVBS戰情室每週精彩回顧➔https://bit.ly/2JiKS1C

●鎖定TVBS TV 56台首播 
●按讚【TVBS戰情室】fb粉絲頁：http://bit.ly/2fMs1us
●收聽【TVBS戰情室】Apple Podcast：https://podcasts.apple.com/podcast/1740274058
●【新聞翟急便】fb粉專馬上按讚：https://www.facebook.com/realmicrophone/

  《TVBS戰情室》YouTube頻道，部分影片因版權限制以致海外地區無法觀看，造成不便敬請見諒。歡迎海外觀眾鎖定網路獨家影片。

 #TVBS戰情室 #TVBS #新聞翟急便 #超錢新聞 #翟翾 #錢子","['少康', '習近平', '习近平', 'XiJinping', '大陸', '中國', '中国', '少康战情室', '台海', '兩岸', '唐湘龍', '蘭萱', '台湾', '國民黨', '民進黨', '政論', '政治', 'TVBS', '總統大選', '韓國瑜', '蔡英文', '柯文哲', '武漢肺炎', 'Wuhan', '新冠肺炎', '陳時中', 'WHO', 'Taiwan', '美國', '北京', '解放軍', '深喉嚨', '關鍵時刻', '寶傑', '觀點', '新聞龍捲風', '暐瀚', '鳳馨', '飛碟早餐', '唐湘龙', '三立', '東森', 'SET', 'Trump', '武統', '陳文茜', '拜登', 'Biden', '軍演', '疫苗', '共機', '蘇貞昌', '新聞翟急便', ""Sisy's World News"", '茜問', '文茜的世界周報', '文茜', '中天', '中天新聞', '快點TV', 'ctitv', '正常發揮', '24H直播', '新聞深喉嚨', '頭條開講', '大政治大爆卦', '韓國瑜台', '蘇揆', '52台', 'NEWS LIVE', '謝曜州', '誰來feat趙少康', '少康中興', '王又正', '中廣', '2024總統', '台積電', 'BNT', '新聞大白話', 'pelosi', 'nancy pelosi', '中美台', '台灣', 'taiwan', 'US', 'China', '投票', '開票', '選舉', '九合一', '蔣萬安', '黃珊珊', '張善政', '賴香伶', '高虹安', '盧秀燕', '謝龍介', '黃偉哲', '陳其邁', '公投', '白紙革命', '江澤民', 'TVBS戰情室', '郭台銘', '賴清德', '侯友宜', '賴佩霞']",3470,2024-10-06,News & Politics,0,0,0,-1,2024-10-07 17:48:34,2024,10,6,[ SUB 伊朗以色列滅絕戰 ？ 陸做台海戰時準備 新聞大白話 字幕版 XiJinping TVBS Wuhan WHO Taiwan SET Trump Biden Sisys World News TV ctitv 24H 52 NEWS LIVE feat 2024 BNT pelosi nancy pelosi taiwan US China TVBS #TVBS #TVBS # # # # [SEP] News & Politics
92,yFHnvlmoWT4,UCLZBXiS9ZrIXgKBs_SMfGBQ,高雄阿嬤怒譙陳其邁出來講 黃捷中斷救災拍片引爆眾怒 【新聞大白話】 20241006-3｜黃揚明 葉元之 毛嘉慶,"✔訂閱【TVBS戰情室】https://bit.ly/2sDiKcZ
完整版HD集數快速找➔https://bit.ly/2Etctbf
【2024總統大選】➔https://reurl.cc/l7Np1d
【戰情室上線啦】最真實直播點我看➔https://reurl.cc/5OD2YR
【新聞翟急便】特別企劃➔https://bit.ly/2JiJgoA
趙少康X陳文茜談國際➔https://reurl.cc/4my5pY
美國下一步怎麼走?➔https://bit.ly/3qlGCig
美豬議題➔https://bit.ly/2VqaSdD
兩岸關係怎麼辦➔https://bit.ly/3qmFmeI
關心新冠肺炎疫情➔https://bit.ly/2tXmOJU
頻道LIVE直播專區➔https://reurl.cc/5qokMR
中美台緊張關係➔https://reurl.cc/q8mzZR
TVBS戰情室每週精彩回顧➔https://bit.ly/2JiKS1C

●鎖定TVBS TV 56台首播 
●按讚【TVBS戰情室】fb粉絲頁：http://bit.ly/2fMs1us
●收聽【TVBS戰情室】Apple Podcast：https://podcasts.apple.com/podcast/1740274058
●【新聞翟急便】fb粉專馬上按讚：https://www.facebook.com/realmicrophone/

  《TVBS戰情室》YouTube頻道，部分影片因版權限制以致海外地區無法觀看，造成不便敬請見諒。歡迎海外觀眾鎖定網路獨家影片。

 #TVBS戰情室 #TVBS #新聞翟急便 #超錢新聞 #翟翾 #錢子","['少康', '習近平', '习近平', 'XiJinping', '大陸', '中國', '中国', '少康战情室', '台海', '兩岸', '唐湘龍', '蘭萱', '台湾', '國民黨', '民進黨', '政論', '政治', 'TVBS', '總統大選', '韓國瑜', '蔡英文', '柯文哲', '武漢肺炎', 'Wuhan', '新冠肺炎', '陳時中', 'WHO', 'Taiwan', '美國', '北京', '解放軍', '深喉嚨', '關鍵時刻', '寶傑', '觀點', '新聞龍捲風', '暐瀚', '鳳馨', '飛碟早餐', '唐湘龙', '三立', '東森', 'SET', 'Trump', '武統', '陳文茜', '拜登', 'Biden', '軍演', '疫苗', '共機', '蘇貞昌', '新聞翟急便', ""Sisy's World News"", '茜問', '文茜的世界周報', '文茜', '中天', '中天新聞', '快點TV', 'ctitv', '正常發揮', '24H直播', '新聞深喉嚨', '頭條開講', '大政治大爆卦', '韓國瑜台', '蘇揆', '52台', 'NEWS LIVE', '謝曜州', '誰來feat趙少康', '少康中興', '王又正', '中廣', '2024總統', '台積電', 'BNT', '新聞大白話', 'pelosi', 'nancy pelosi', '中美台', '台灣', 'taiwan', 'US', 'China', '投票', '開票', '選舉', '九合一', '蔣萬安', '黃珊珊', '張善政', '賴香伶', '高虹安', '盧秀燕', '謝龍介', '黃偉哲', '陳其邁', '公投', '白紙革命', '江澤民', 'TVBS戰情室', '郭台銘', '賴清德', '侯友宜', '賴佩霞']",829,2024-10-06,News & Politics,0,0,0,-1,2024-10-07 17:48:34,2024,10,6,高雄阿嬤怒譙陳其邁出來講 黃捷中斷救災拍片引爆眾怒 【 新聞大白話 ｜ 黃揚明 葉元之 毛嘉慶 XiJinping TVBS Wuhan WHO Taiwan SET Trump Biden Sisys World News TV ctitv 24H 52 NEWS LIVE feat 2024 BNT pelosi nancy pelosi taiwan US China TVBS #TVBS #TVBS # # # # [SEP] News & Politics
93,JwI6IJF-J18,UCLZBXiS9ZrIXgKBs_SMfGBQ,網瘋傳韓國瑜國歌合唱影片 賴清德到底多討厭中華民國？ 【新聞大白話】 20241006-1｜黃揚明 葉元之 毛嘉慶,"✔訂閱【TVBS戰情室】https://bit.ly/2sDiKcZ
完整版HD集數快速找➔https://bit.ly/2Etctbf
【2024總統大選】➔https://reurl.cc/l7Np1d
【戰情室上線啦】最真實直播點我看➔https://reurl.cc/5OD2YR
【新聞翟急便】特別企劃➔https://bit.ly/2JiJgoA
趙少康X陳文茜談國際➔https://reurl.cc/4my5pY
美國下一步怎麼走?➔https://bit.ly/3qlGCig
美豬議題➔https://bit.ly/2VqaSdD
兩岸關係怎麼辦➔https://bit.ly/3qmFmeI
關心新冠肺炎疫情➔https://bit.ly/2tXmOJU
頻道LIVE直播專區➔https://reurl.cc/5qokMR
中美台緊張關係➔https://reurl.cc/q8mzZR
TVBS戰情室每週精彩回顧➔https://bit.ly/2JiKS1C

●鎖定TVBS TV 56台首播 
●按讚【TVBS戰情室】fb粉絲頁：http://bit.ly/2fMs1us
●收聽【TVBS戰情室】Apple Podcast：https://podcasts.apple.com/podcast/1740274058
●【新聞翟急便】fb粉專馬上按讚：https://www.facebook.com/realmicrophone/

  《TVBS戰情室》YouTube頻道，部分影片因版權限制以致海外地區無法觀看，造成不便敬請見諒。歡迎海外觀眾鎖定網路獨家影片。

 #TVBS戰情室 #TVBS #新聞翟急便 #超錢新聞 #翟翾 #錢子","['少康', '習近平', '习近平', 'XiJinping', '大陸', '中國', '中国', '少康战情室', '台海', '兩岸', '唐湘龍', '蘭萱', '台湾', '國民黨', '民進黨', '政論', '政治', 'TVBS', '總統大選', '韓國瑜', '蔡英文', '柯文哲', '武漢肺炎', 'Wuhan', '新冠肺炎', '陳時中', 'WHO', 'Taiwan', '美國', '北京', '解放軍', '深喉嚨', '關鍵時刻', '寶傑', '觀點', '新聞龍捲風', '暐瀚', '鳳馨', '飛碟早餐', '唐湘龙', '三立', '東森', 'SET', 'Trump', '武統', '陳文茜', '拜登', 'Biden', '軍演', '疫苗', '共機', '蘇貞昌', '新聞翟急便', ""Sisy's World News"", '茜問', '文茜的世界周報', '文茜', '中天', '中天新聞', '快點TV', 'ctitv', '正常發揮', '24H直播', '新聞深喉嚨', '頭條開講', '大政治大爆卦', '韓國瑜台', '蘇揆', '52台', 'NEWS LIVE', '謝曜州', '誰來feat趙少康', '少康中興', '王又正', '中廣', '2024總統', '台積電', 'BNT', '新聞大白話', 'pelosi', 'nancy pelosi', '中美台', '台灣', 'taiwan', 'US', 'China', '投票', '開票', '選舉', '九合一', '蔣萬安', '黃珊珊', '張善政', '賴香伶', '高虹安', '盧秀燕', '謝龍介', '黃偉哲', '陳其邁', '公投', '白紙革命', '江澤民', 'TVBS戰情室', '郭台銘', '賴清德', '侯友宜', '賴佩霞']",1098,2024-10-06,News & Politics,0,0,0,-1,2024-10-07 17:48:34,2024,10,6,網瘋傳韓國瑜國歌合唱影片 賴清德到底多討厭中華民國 ？ 【 新聞大白話 ｜ 黃揚明 葉元之 毛嘉慶 XiJinping TVBS Wuhan WHO Taiwan SET Trump Biden Sisys World News TV ctitv 24H 52 NEWS LIVE feat 2024 BNT pelosi nancy pelosi taiwan US China TVBS #TVBS #TVBS # # # # [SEP] News & Politics
94,oH1jaaymPP0,UCqZkjAgdh_mjZ4RJJx-zFig,道の駅ふじおやま1 2024/10/06,,[],342,2024-10-06,Gaming,0,0,0,-1,2024-10-07 17:48:36,2024,10,6,道の駅ふじおやま1 2024 10 06   [SEP] Gaming
95,nWylgzuoPYc,UCuZlr3pljzUIHXOdgawrsxQ,"2024年10月5日 美しい彼岸花の咲く京都清水寺を歩く Walking around Kiyomizu-dera Temple, Kyoto 【4K】","#京都 #清水寺 #外国人観光客 #観光客 #彼岸花 #週末
週末の京都清水寺は、外国人観光客らで混雑していました。
清水の舞台下には、美しい彼岸花が咲いていました。

#Kyoto #Kiyomizudera #Foreign tourists #Tourists #Higanbana #Weekend
Kiyomizu-dera Temple in Kyoto was crowded with foreign tourists on weekends.
Beautiful spider lilies were blooming under the stage in Shimizu.",[],849,2024-10-06,Travel & Events,0,0,0,-1,2024-10-07 17:48:37,2024,10,6,"美しい彼岸花の咲く京都清水寺を歩く Walking around Kiyomizu-dera Temple , Kyoto 【 4K  # # # # # # #Kyoto #Kiyomizudera #Foreign #Tourists #Higanbana #Weekend [SEP] Travel & Events"
96,8WncvFBRZsI,UCJnCQ7zmCIztHucgH0hg1TQ,BJ 하리미(hl6260) 20241001 - Gambare Gambare Senpai,"patreon.com/Anikkanice666
????????????
Watch full verson of this video on my Patreon
Thank you for supporting me
_________

#하리미 #hl6260
_________

➕ Youtube: 
 / @Anikkanice 
________

#bj #BJ #bjdance #dance #korean #korea #koreangirl #kbj #koreanbj #koreabj #Tiktok #afreecatv #춤 #韩国bj #女主播 #热舞 #主播热舞","['바비앙', 'gmlwl0202', '芭比昂', 'bj', 'BJ', 'bjdance', 'dance', 'korean', 'korea', 'koreangirl', 'kbj', 'koreanbj', 'koreabj', 'Tiktok', 'afreecatv', '韩国bj', '女主播', '热舞', '主播热舞']",36,2024-10-06,People & Blogs,0,0,0,-1,2024-10-07 18:17:59,2024,10,6,BJ 하리미 ( hl6260 20241001 Gambare Gambare Senpai 바비앙 gmlwl0202 bj BJ bjdance dance korean korea koreangirl kbj koreanbj koreabj Tiktok afreecatv bj #하리미 #hl6260 #bj #BJ #bjdance #dance #korean #korea #koreangirl #kbj #koreanbj #koreabj #Tiktok #afreecatv #춤 # # # # [SEP] People & Blogs
97,JNAOlNS9jcs,UCo7kA3XcXrqS8_cbz5GboCg,ASMR Soothing Neck & Back Massage with Tantaly Roleplay,"⭐️Find your Doll here: https://www.tantaly.com
⭐️Uese code ""JONIE"" for 12% discount in your purchase.

???? Ways you can help support me and my channel:

???? Join me on PATREON ► https://www.patreon.com/whisperlatina
???? Direct DONATIONS ► https://www.paypal.me/whisperlatina 
???? Like, Comment and Subscribe on my videos, helps a lot too!

00:00 Doll Review
06:30 ASMR Back Massage

----------------------------------------------------------

???? All Social Networks: https://linktr.ee/asmrjonie
???? My Audio Platforms: https://linktr.ee/jonieasmr
???? EMAIL: latinawhisper@gmail.com

Note: Some of the links in this description may be affiliate links. If you make a purchase through them, I may earn a small commission at no extra cost to you. Thank you for supporting the channel!

#ASMR #Roleplay #PersonalAttention","['asmr', 'asmr jonie', 'jonie asmr', 'asmr ear cleaning', 'asmr tapping whispering', 'asmr voice', 'what does asmr stand for', 'asmr meaning', 'asmr sleep relaxation whisper', 'asmr accent', 'asmr good', 'gentle whispering']",884,2024-10-06,Entertainment,0,0,0,-1,2024-10-07 18:20:20,2024,10,6,ASMR Soothing Neck & Back Massage with Tantaly Roleplay asmr asmr jonie jonie asmr asmr ear cleaning asmr tapping whispering asmr voice what does asmr stand for asmr meaning asmr sleep relaxation whisper asmr accent asmr good gentle whispering #ASMR #Roleplay #PersonalAttention [SEP] Entertainment
98,yAO-WPyCsb8,UCJC3eND1vV_MR_UJB7-E9LQ,시드니에서 그윽 핑크????GRWM +여행 지속력&인생샷 메이크업????ㅣMINCARONG,"#겟레디윗미 #쿨톤메이크업 

시드니 여행 중 부지런히 겟레디 영상을 준비했어요????
물갈이 이슈로 피부가 많이 뒤집어졌지만 이렇게 메이크업하고 나가니 하루 종일 유지가 되면서 사진도 너무너무 잘 나와서 행복했어요????

오랜만에 겟레디 영상이라 수다도 많이 떨었는데 재미있게 봐주시면 감사하겠습니다

오늘도 행복한 하루 보내세요????



????instagram : @fallininm

????사용한 제품들 ---------

0:00 시작!!

0:06 렌시스 샌드 플러스 그레이 원데이

0:25 딘시 마일드 선크림
42,000원

1:48 웨이크메이크 워터 글로우 코팅밤 01 로지 포슬린
36,000원

3:54 클리오 킬커버 파운웨어 컨실러 2란제리
15,000원

4:26 바닐라코 프라임 프라이머 루스 세팅 파우더
22,000원

6:11 웨이크메이크 믹스 블러링 볼륨 쉐딩 01 소프트 쿨
16,000원

7:40 MAC 프로 브로우 디파이너 1mm-팁 브로우 펜슬 플링
38,000원

8:12 키스미 컬러링 아이브로우 03 애쉬브라운
15,000원

9:20 홀리카홀리카 마이페이브 무드 아이팔레트 10 픽 더 로즈 
28,000원

10:30 데이지크 무드 슬림 라이너 03 밤비 브라운
13,000원

10:38 릴리바이레드 스태리아이즈 나인투나인 젤 아이라이너 15 #더스티 시더
10,000원

10:43 피치베리 베리섀도우 03 핑크뮬리
18,000원

11:02 홀리카홀리카 마이페이브 피스 아이섀도우 베베
6,000원

12:18 마렌 콜라겐 펩타이드 에센스 마스카라-듀얼m6
*온라인 판매X 샵전용 판매 제품

14:21 CHANEL 르 르쿠르브 실 드 샤넬
38,000원

14:35 에뛰드 컬 픽스 마스카라 01 블랙
16,000원

15:05 데이지크 스탈릿 쥬얼 리퀴드 글리터 07 문 스톤
15,000원

15:40 무지개맨션 오브제 리퀴드 틴트 23던로즈
18,000원

15:50 입생로랑 잉크 바이닐 틴트 622 플럼 리버레이션
51,000원

16:00 매드피치 무드 믹스 크림 블러셔 블루밍 플러쉬
17,900원

17:46 네이밍 플러피 파우더 블러쉬 야미
15,000원

18:17 오프라 미니 하이라이터 클라우드9
30,000원

18:33 쏘내추럴 매직 실러
15,000원","['민카롱', '데일리메이크업', '쿨톤핑크메이크업', '여행메이크업', '시드니여행', '사진잘나오는메이크업', '셀카잘나오는메이크업', '셀카메이크업']",1231,2024-10-06,Howto & Style,0,0,0,-1,2024-10-07 18:20:42,2024,10,6,시드니에서 그윽 핑크 GRWM + 여행 지속력 인생샷 메이크업 ㅣMINCARONG 민카롱 데일리메이크업 쿨톤핑크메이크업 여행메이크업 시드니여행 사진잘나오는메이크업 셀카잘나오는메이크업 셀카메이크업 #겟레디윗미 #쿨톤메이크업 #더스티 [SEP] Howto & Style
99,4cw0EjX5NQ0,UCmF3ZcCBFUD-mcwg-r3SMyA,All Possible Character Deaths and Secret Deaths - Until Dawn Remake,"Every death for Emily, Ashley, Jessica, Mike, Josh, Matt and Chris in the Until Dawn Remake 2024.

*Timestamps*
Prologue
0:00 - Hannah & Beth Death

Chapter 4
1:00 - Jessica Elevator Death

Chapter 6
3:05 - Matt Deer Death
4:05 - Matt Meat Hook Death

Chapter 8
6:03 - Emily elevator death
6:25 - Emily mine escape death
6:49 - Emily meat grinder death
7:11 - Chris wendigo death
8:05 - Ashley doesn't open the door for Chris death
9:23 - Mike shoots Emily death

Chapter 9
13:11 - Ashley trapdoor death
14:06 - Mike trapdoor death
14:36 - Josh death

Chapter 10
15:45 - Jess & Matt Run Deaths
16:20 - Jess falls while hiding death
17:10 - Matt abandons Jess deaths
17:51 - Emily, Sam & Mike lodge deaths
21:41 - Ashley lodge death
22:27 - Ashley, Mike & Emily Lodge Explosion deaths


*Subscribe to my Channels*
@xLunarGaming 
@LunarGuides 
@LunarGamingGTA 

*Follow Lunar Gaming*
Website: https://xlunargaming.com/
Twitter: www.twitter.com/xLunarGaming

*Business Inquirers*
Please email: xlunargaming@gmail.com
Press Kit: https://shorturl.at/nosCQ

*Popular Videos*
https://www.youtube.com/watch?v=Ijo5sJkLVFQ
https://www.youtube.com/watch?v=nyED5cmn34A
https://www.youtube.com/watch?v=FI_HGIbvd70
https://www.youtube.com/watch?v=YtOkjxjadpA
https://www.youtube.com/watch?v=5TGOg4IXtJM

*About LunarGaming*
LunarGaming is a channel that provides unique videos on game guides, missions, collectibles and walkthroughs. I have written permission from the publisher for the games I cover.  All content is bought, recorded, edited and uploaded by me in a transformative manner.

*Attributes*
Track: Split — KV [Audio Library Release]
Music provided by Audio Library Plus
Watch: https://www.youtube.com/watch?v=RsyIznC9PXA&t=0s
Free Download / Stream: https://alplus.io/split

#LunarGaming #untildawnps5 #untildawn #lunargaming quest guide, walkthrough, gameplay, how to, where, until dawn remake, until dawn, unique weapons, weapons, best, secrets, until dawn ps5",[],1409,2024-10-06,Gaming,0,0,0,-1,2024-10-07 18:20:58,2024,10,6,All Possible Character Deaths and Secret Deaths Dawn Remake  #LunarGaming #untildawnps5 #untildawn #lunargaming [SEP] Gaming
100,8WncvFBRZsI,UCJnCQ7zmCIztHucgH0hg1TQ,BJ 하리미(hl6260) 20241001 - Gambare Gambare Senpai,"patreon.com/Anikkanice666
????????????
Watch full verson of this video on my Patreon
Thank you for supporting me
_________

#하리미 #hl6260
_________

➕ Youtube: 
 / @Anikkanice 
________

#bj #BJ #bjdance #dance #korean #korea #koreangirl #kbj #koreanbj #koreabj #Tiktok #afreecatv #춤 #韩国bj #女主播 #热舞 #主播热舞","['바비앙', 'gmlwl0202', '芭比昂', 'bj', 'BJ', 'bjdance', 'dance', 'korean', 'korea', 'koreangirl', 'kbj', 'koreanbj', 'koreabj', 'Tiktok', 'afreecatv', '韩国bj', '女主播', '热舞', '主播热舞']",36,2024-10-06,People & Blogs,0,0,0,-1,2024-10-07 18:21:41,2024,10,6,BJ 하리미 ( hl6260 20241001 Gambare Gambare Senpai 바비앙 gmlwl0202 bj BJ bjdance dance korean korea koreangirl kbj koreanbj koreabj Tiktok afreecatv bj #하리미 #hl6260 #bj #BJ #bjdance #dance #korean #korea #koreangirl #kbj #koreanbj #koreabj #Tiktok #afreecatv #춤 # # # # [SEP] People & Blogs
