,CHANNEL_ID,CHANNEL_NAME,CHANNEL_DESCRIPTION,CHANNEL_TAGS,MAINLY_USED_KEYWORDS,MAINLY_USED_TAGS,CHANNEL_COUNTRY,CHANNEL_LINK,CHANNEL_SINCE,CHANNEL_CLUSTER,CRAWLED_DATE,USER_ID,channel_id_part,CHANNEL_THUMBNAIL
0,UC3_oS5M6sufpC03eS2L8fPg,간편이슈,간편이슈 채널입니다.,[],,,,,2017-03-17,9,2024-10-09 17:00:16,,_,https://yt3.googleusercontent.com/sZ0GuO7Ziw6Dt2cA_4WxL5H88Z17L7vPcBIORwcemmJ-pXrdsrPkkCBBd0lAI-li4kcvt8QrYQ=s200-c-k-c0x00ffffff-no-rj?days_since_epoch=19887
1,UC5_LWTF7yeQcjwLwS5Q3Dtw,Diana and Roma KOR,"Diana와 Roma의 세계에 오신 것을 환영합니다. Diana, Roma, Little Oliver와 그들의 부모가 놀고, 배우고, 노래하고, 탐험하고, 삶의 경험을 공유하는 곳입니다. 전 세계 수백만 명의 어린이와 가족이 매일 Diana와 Roma와 함께 세계를 탐험하고 노래, 숫자, 자연, 색상, 모양, 동물, 건강한 음식 먹기, 손 씻기, 좋은 친구 되기의 중요성에 대해 배웁니다. , 그리고 훨씬 더.판권 소유. 이 시각적 작품에는 독창적인 예술적 콘텐츠와 아이디어가 포함되어 있으며 미국 및 국제법의 보호를 받습니다. 저작권 보유자/작가의 명시적인 서면 허가 없이 이 시각적 프리젠테이션의 복제 및 배포는 금지됩니다.이메일: dianaromabiz@gmail.com","['play', 'video', '다이아나', 'for', 'funny', 'kids', 'playing', 'pretend', '다이아나와', '로마']",,,미국,"https://www.instagram.com/kidsdianashow/,https://www.instagram.com/kidsromashow/,https://www.facebook.com/KidsDianaShowOfficial/,https://www.facebook.com/KidsRomaShow,https://www.tiktok.com/@kids.diana.show,https://www.tiktok.com/@kids.roma.show,https://www.youtube.com/c/KidsDianaShow,https://www.youtube.com/c/KidsRomaShow,https://www.instagram.com/kidsdianashow/,https://www.instagram.com/kidsromashow/,https://www.facebook.com/KidsDianaShowOfficial/,https://www.facebook.com/KidsRomaShow,https://www.tiktok.com/@kids.diana.show,https://www.tiktok.com/@kids.roma.show,https://www.youtube.com/c/KidsDianaShow,https://www.youtube.com/c/KidsRomaShow",2022-11-14,8,2024-10-09 17:00:16,0.0,_,https://yt3.googleusercontent.com/kFoxm2VTO0lqz-ydOUjqFOGYh4GVaFzw5-ASyxCfkeb-RYdh_9WoxXWopBvKmjLDCughIaAnjQ=s900-c-k-c0x00ffffff-no-rj
2,UC6_a4jw97wKD7IDR6T6Hg-Q,박갑열 TV,"함양의 랜드마크 상림숲의 소식\n열이의 힐링여행,함양  뉘우스\n사람사는 이야그,힐링산행 일기\n5쾌(식면변동소)의 삶 살아가기\n잘먹고,잘자고,잘싸고,잘놀고,\n잘웃고 하는게 최고 인기라~",,,,,,2021-08-30,0,2024-10-09 17:00:16,0.0,_,https://yt3.googleusercontent.com/Zy7n4wij5e3Pje2tsMWLmgAQLWWO7o0qdjXXg1xTatxsMv4IE-kosvGlQikd98u_t8lqHqfP2w=s900-c-k-c0x00ffffff-no-rj
3,UCc_JZODO1HZPcQvzy8lt2sw,코코티비,,"['비교', '추천', '평점', '판매순위', '후기', '가격', '가성비', '순위', '캐럿', '삼성전자']",,,empty,,2022-03-02,0,2024-10-09 17:00:16,0.0,_,https://yt3.googleusercontent.com/zESMQpFsTWPOPpO4UcZ_rnqHpcGx5H2Z0NuwQWX2LGXgCFQphKwlrwzT3-oRWFegE3g2XVsbQQ=s900-c-k-c0x00ffffff-no-rj
4,UCG_wXa6Uzo9AtpvdLSvlOQQ,365 MUSIC / 365 뮤직,"? 365 MUSIC / 365 뮤직? 본 영상은 가사 자막 영상입니다.   ?  영상을 통해 수익은 창출되지 않으며, 광고 재생 시 저작권자에게 광고에 대한 수익이 돌아갑니다.? 영상 제작&관련 문의 : vktmzj@gmail.com","['가사', '365뮤직', 'music', 'kpop', '음악', '최신곡', '최신음악', '힙합', '메탈', '발라드']",,,대한민국,,2022-08-15,14,2024-10-09 17:00:16,0.0,_,https://yt3.googleusercontent.com/k1BieH1AXWHEWaAsz2G71ZFASa6AdVpZ2qvDJsSEI_apDH_I-et69HlQWZ0GxtQIOkCJMZjjAA=s900-c-k-c0x00ffffff-no-rj
5,UCj_TmVnl7lHqphwbHZvHwBA,정쏭,당신의 찬양의 섬김이 천국에서 해같이 빛납니다. ,,,,대한민국,,2012-07-27,15,2024-10-09 17:00:16,0.0,_,https://yt3.googleusercontent.com/qAROg6SCQqNw7as5VsSwFOYuiwUcy0RRTIH9aspF3ZCZW7l6gOR-yqSZKNpKlOv81cZrhdEq1w=s900-c-k-c0x00ffffff-no-rj
6,UCQ_JBRjgta13ZUEhcIJGafg,크립토미디어그룹,비트코인 리플코인 이더리움 알트코인 추천 5000% 초대박 급등임박 제 2의 엑시인피니티가 될 슈퍼 울트라코인은?▶ 크립토미디어그룹 정보공유 무료방(성함+연락처)http://pf.kakao.com/_CJqXxj/chat▶ 크립토미디어그룹정보공유 무료방(성함+연락처)http://pf.kakao.com/_CJqXxj/chat*본 영상에서 제공되는 정보는 투자판단에 대한 참고용 일 뿐 해당 정보의 상승과 하락은 보장하지 않으며 모든 투자판단은 컨텐츠를 시청한 투자자에게 있습니다. #비트코인 #리플코인 #비트코인시세 #알트코인추천 #던프로토콜 #이더리움시세 #비트코인 #리플전망 #리플코인 #에이다 #쿠팡 #코인베이스 #이더리움 #비트코인전망 #비트코인단타 #비트코인골드  #카카오코인 #페이코인 #람다 #퀴즈톡 #도지코인 #코박토큰 #모스코인 #스트라이크코인 #펀디엑스 #휴먼스케이프 #메타디움 #메디블록 #세럼 #그로스톨코인 #디마켓 #웨이브코인 #휴먼스케이프 #페이코인 #엘프 #센티넬프로토콜 #칠리즈 #폴카닷 #파워렛저 #플레이댑 #하이브 #엑시인피니티 #ipfs #did #nft #샌드박스 ,"['코인', '비트코인', '리플', '이더리움', '방법', '코인베이스', '샌드박스', '메타디움', '비트코', '도지코인']",,,대한민국,,2021-08-30,2,2024-10-09 17:00:16,0.0,_,https://yt3.googleusercontent.com/nr2mRcx9R6JWT-hePbgENK2xEV1u4lnfKpXoVSurTGaR0v2EB72Dhuuxejn9i_8rv2nVEc1w=s900-c-k-c0x00ffffff-no-rj
7,UCu_WimUjA1pettDKHbPcs3A,"가수여경재,,웬만하면,,가지마오,,전북협회장",가지마오 웬만하면 사탕발림 백세까지만 옛뚝이뚝방길 당신이최고야작사 작곡  노래 여경재  010-6605-5178,"['예술단', '전북', '협회', '트로트가수', '평화', '음악', '윤정희', '여경', '공연', '경재']",,,empty,,2016-02-29,14,2024-10-09 17:00:16,0.0,_,https://yt3.googleusercontent.com/CmNz6vrrWjgYMbEDfzdgHCsKMFXWzRZDLn0acdDX9wFsDfFJK1a5Xk_vtHZwVnRDEfZbvqMt2A=s900-c-k-c0x00ffffff-no-rj
8,UCv_WRAmMl8M96g9HLTMIVLg,군단Corps,,"['군단', '생존', '크래프팅', '팩토리오', '정식발매', '완성', '크라스', '토리오', '완료', '공장']",,,대한민국,,2019-01-14,0,2024-10-09 17:00:16,0.0,_,https://yt3.googleusercontent.com/xefpGU1wuNX-j1bAZKWujRfoH_UxthkbJy34DYbz8HMZYJ7Al-TLTuZyyf4ugAV_16L2nOpdog=s900-c-k-c0x00ffffff-no-rj
9,UCW_sK5DhbQ2I47Ny4q7OukA,"login전산회계,전산세무,AT 1분강의",로그인전산회계/전산세무/세무회계/FAT/TAT 교재의 기본서 강의 및 1분강의입니다.,"['1분강의', '전산회계', '전산세무', 'fat', 'tat', '2급', '1급', '실무', '이론', '전산회계1급']",,,대한민국,"cafe.daum.net/taxacad,cafe.daum.net/taxacad",2020-11-15,3,2024-10-09 17:00:16,0.0,_,https://yt3.googleusercontent.com/ytc/AIdro_lu3Ns1qFLZQjUa7LXP0HC_HrO4N4ltwa27gkdNkPA7Ug=s900-c-k-c0x00ffffff-no-rj
10,UCX_iQgWNiYx4H4DVzKCPGfg,코무키키,생방송은 치지직 https://chzzk.naver.com/010379f20da3ec9249bfe0bbdcb05762,[],,,,,2023-09-26,10,2024-10-09 17:00:16,,_,https://yt3.googleusercontent.com/QjdQEtWJ7TC5rSInhL1Uvw1K40x0wvdxF1Ko4FTXZEZA1rD7-FCzwnI60SDCOp74_K1VmOdwYA=s200-c-k-c0x00ffffff-no-rj?days_since_epoch=19887
11,UCA-TqsUqAL-c14stpFKbpWw,푸애짱 [푸바오 애니판 짱바오],"안녕하세요. 푸바오 애니판 짱바오 채널이에요. [푸애짱] 판다곰 푸바오가 그랬던 것처럼 모든 분들의 일상에 가슴 뛰는 따듯함을 더 해주겠다는 생각으로 시작한 푸애짱 채널'이에요. ""푸바오가 만약 사람과 비슷한 생각과 행동을 할 수 있다면 어땠을까?"" 라는 생각에서 시작되어 귀여운 ...","['팬더', '판다', '푸바오', '이야기', '유머', '놀란 판다', '놀란 푸바오', '판다 눈놀이', '판다 장화', '웃긴 판다', '아기 판다', '판다짤', '#판다소리', '판다 소리', 'panda', 'animals', 'cute', 'fubao', 'pubao', '푸바오 채널', '판다곰', 'noticia', 'Pubao', 'venderse', 'oso panda', 'Panda bear', 'プバオ', 'パンダ', 'パンダ熊', '福宝', '熊猫', '아이바오', '루이바오', '후이바오', '치짜이', '푸바오 동생', '동물', '판다 이야기', '푸애짱', '푸바오 근황', '푸바오 최신근황', '판다 영상', '판다 웃긴 영상', '판다 춤', '판다 소리', '뚠뚠이', '아기판다', '루이']",,,대한민국,youtube.com/@jjangbao?sub_confirmation=1,2024-02-02,0,2024-10-09 17:00:16,,-,https://yt3.googleusercontent.com/lwoN5QZ3MVkVWPf4to2ElwQBPs6uF1OsT6pWVRm6S4QqxjRZsi6ss-keL5-LBX5HaBtKIla0=s200-c-k-c0x00ffffff-no-rj?days_since_epoch=19887
12,UCC-7WT5OUalgt7y0zX9mcYQ,빅비,"' 언제나 유용한 후기나 리뷰를 올리도록 최선을 다하겠습니다 '플레이 중인 플랫폼 - PC PS5게임 리뷰 & 후기 채널본 채널은 다양한 최신 게임 리뷰 및 후기 그리고 각종 특집 영상들을 업로드하는 곳입니다구독 & 알림과 좋아요 그리고 덧글은 업로더에게 큰 힘이 됩니다게임은 주로 인디 게임 혹은 AAA급 게임 등 현재 소지중인 플랫폼 게임들 위주 전체적으로 다룹니다네이버 블로그 + 포스트 포함 약 10년 정도 에디터로 개인 활동했습니다현재도 부족하다 느끼며, 처음부터 계속해서 배워가는 중입니다영상 업로드는 주로 평일 업로드되고, 작업량이 많아지면 주말에도 살짝 올라갑니다---------------------------------------------------------------------------------------------------------------2023년 2월 15일 - 구독자 5천명 달성! 대단히 감사드립니다!!","['빅비', '게임', '어쌔신크리드발할라', '더데이비포', '스나이퍼고스트워리어컨트랙트2', '화이트데이2', '파크라이6', '디아블로4', '스트리트파이터6', '아웃라스트트라이얼']",,,대한민국,"https://blog.naver.com/fbgmlwo25,https://post.naver.com/fbgmlwo25,https://store.steampowered.com/curator/34888801/,https://toon.at/donate/bigbygamecolor,https://blog.naver.com/fbgmlwo25,https://post.naver.com/fbgmlwo25,https://store.steampowered.com/curator/34888801/,https://toon.at/donate/bigbygamecolor",2013-12-03,5,2024-10-09 17:00:16,0.0,-,https://yt3.googleusercontent.com/lmBKFjXvflcI49RzVV_K5zUCtLUf3rBtKTD6cv67e7Ws2HEmxpFLOhLpa82kaRCbIakdj6eyhA=s900-c-k-c0x00ffffff-no-rj
13,UCi-0jmyw3x6efk090BAVfxA,이렐킹 IRELKING,챌린저 이렐리아 장인 이렐킹 유튜브 채널입니다.\n,,,,대한민국,twitch.tv/irelking3,2021-06-04,49,2024-10-09 17:00:16,0.0,-,https://yt3.googleusercontent.com/jFTTC8trQ5NMxZFVCLRi5bcotL5D6oSdD-hX9a0Io8_Hmbsi7F6RW5O7pad3m_sFORGguXFu_gM=s900-c-k-c0x00ffffff-no-rj
14,UCn-SY9fiqgEbN8q-50aVfAQ,71살 어제,김아재 후원하기 : https://toon.at/donate/638048727797042546 날 끝까지 봐주는 너 너가 내 사랑이야~ 팀 리라이프 리더 어제 다시보기 채널,"['레볼루션하트', 'Re:Life', 'Vtuber', '버튜버', '아이돌', '게임채널', '풀영상', 'Game', '마인크래프트', '마비노기', '시장놀이', '허니츄러스', '고세구', '우왁굳', '트위치', '스트리머', '싸이코드', '패러그린', '패밀리아', '겜블러', '잭', '아카이로류', '감제이', '리라이프', '어제', '킨', '강다한', '버츄얼', '연', '늦잠', '패밀리라', '어라이브', '이세돌', '왁타버스', '고세구', '징버거', '스텔라이브', '향아치', '던파', '메이플']",,,대한민국,chzzk.naver.com/7aff3b4288d45b95d8c0a561b0cced86,2022-11-24,5,2024-10-09 17:00:16,,-,https://yt3.googleusercontent.com/nToMIN_h2kjaZh4GnA2zV2yrcngR0BePWxaIMv4zZbJR92SiJc3VAAXhxdJmgg5h8cNdFPBKwiM=s200-c-k-c0x00ffffff-no-rj?days_since_epoch=19887
15,UCO-svEJBdWiaViuy0TxVFFg,NCHIVE,,"['NCHIVE', 'NCV', 'dpszkdlqm', '엔카이브', '오브문스튜디오', 'AUBEMOON', 'AUBEMOONSTUDIO', '오브문']",,,대한민국,"aubemoon.com,instagram.com/official_nchive,twitter.com/nchiveofficial,tiktok.com/@nchive_official",2023-11-03,17,2024-10-09 17:00:16,,-,https://yt3.googleusercontent.com/QeKyIVQTrMGaZbk30DwNQT772ytpsk7-cJL89cIdYKKC1ZgriXmVCtA3kKt0qi1wxHqCGSoB=s200-c-k-c0x00ffffff-no-rj?days_since_epoch=19887
16,UCt-f9Gs4J6yugddVFZ47Zuw,군수박채널,"안녕하세요~ 군수박채널을 방문해 주셔서 너무도 감사드립니다~ 주 컨텐츠인 보고듣는 인물위키는 글로만 보던 위키의 내용을 읽어드리고 내용에 맞는 이미지와 영상을 보여 드리는 컨셉입니다. 한가지 당부드리고 싶은 말씀은 위키의 내용을 보고 듣는다는 컨셉이기 때문에 나무위키, 위키페이디아...","['보도듣는', '인물위키', '일본', '일본배우', '남자배우', '여자배우', '연예인', '필모그래피', '여배우', '인물', '女優', '俳優', '子役俳優', '日本の芸能人', 'Japanese celebrities', 'actress', 'Actor', 'gameplay', 'nocommentary', 'starwars', 'battlefront', 'battlefront2', 'worldwarz', '월드워z', '배틀프론트', '배틀프론트2', '여배우', '남배우', '모델', '연극배우', '영화', '드라마', '애니', '게임', 'actor', 'actress', 'mission', '멀티플레이', 'multiplay', '싱글플레이', 'singleplay', '캠페인', 'campaign', '게임영상', 'gamemovie', 'movie', 'drama', 'cm', 'cf', '광고', '광고모음', '필모그래피']",,,대한민국,,2010-07-08,5,2024-10-09 17:00:16,,-,https://yt3.googleusercontent.com/E5_HomdUAbJA-gJds5berTyPolF2eu3T2NPAsKVm9eRlIgLhPrCHh1CfhphIuxKxfzJ1AwE8Cg=s200-c-k-c0x00ffffff-no-rj?days_since_epoch=19887
17,UCU-wl-PZYxpWeDl1OIiE_hQ,Operation Ceremony Dr. Park's - 박천진,"발기부전 / 전립선 / 남성성형 전문 클리닉 강남J비뇨기과 박천진 원장입니다.주변에 쉽게 말 못할 고민과 궁금증을 풀어드리고, 진료부터 수술까지 정확한 정보전달을 위해 유튜브 활동을 하고 있습니다.홈페이지 : www.manclinic.com더 궁금하신 사항은 상담전화 : 010-9190-8275카카오톡ID : gnjurology병원대표전화 : 02-3018-7575로 연락주시면 친절하고 자세한 상담 도와드리겠습니다. 감사합니다.","['박천진', '강남비뇨기과', '음경임플란트', '전립선비대증', '음경', '홀렙', '임플란트', '강남J비뇨기과', '바세린', 'holep']",,,대한민국,"http://www.manclinic.com/main.html,http://www.manclinic.com/main.html",2014-11-14,0,2024-10-10 17:00:17,0.0,-,https://yt3.googleusercontent.com/aJQyFglGo9rFCqKuZhd4U2yTnw3ttCk7XYREoIbXu6mjCkbhFKv3KWHkV-0SzsXa9x_1pX0Vfw=s900-c-k-c0x00ffffff-no-rj
18,UCV-pRqEYKNmbpNvvImnmEQw,Jo's family,">>일상 >>편집없는이집의유튜브 >>나중에 우리가족의 추억보따리,리얼리티 >>거의모든영상이 no편집 >>아줌마유튭 #Daily #Unedited YouTube #My family's memory collection later. Reality? Almost all videos are...",[],,,,,2018-12-20,62,2024-10-09 17:00:16,,-,https://yt3.googleusercontent.com/8EWaaJqbWHeA2xswPCYt9iBVZ3es-c9AZWA5h-GW3yXTF2LeXNXZ3SOMXJIerCJ8ootlOWYKng=s200-c-k-c0x00ffffff-no-rj?days_since_epoch=19887
19,UCx-zIUgOFiq-OFBh4YlDR-A,혜라TV,생방송 : 매주 월요일 밤 9:00  이 채널은 마음에 대하여 이야기하는 방송입니다. 풀리지 않는 삶의 의문에 대하여 명쾌한 해답을 드립니다.,"['치유', '힐링', '영체마을', '영체', '명상', '마음공부', '혜라TV', '마음치유', '이혜라', '성기능']",,,empty,"https://blog.naver.com/maumshow,https://www.instagram.com/hyera_official/,https://blog.naver.com/maumshow,https://www.instagram.com/hyera_official/",2017-08-14,10,2024-10-09 17:00:16,0.0,-,https://yt3.googleusercontent.com/ytc/AIdro_k3l-51IuTPyZFGM_u7_JvME0PJjTmSNb9KmtM8aTi0SKo=s900-c-k-c0x00ffffff-no-rj
20,UCY-JfSIcOxSOeSa8mYMHn7g,young suk lim,,,,,대한민국,,2019-10-02,9,2024-10-09 17:00:16,0.0,-,https://yt3.googleusercontent.com/ytc/AIdro_mqWqL453RmJqYYkWr-V9Mq-V3MeQ_SPqHq9ApZSLSYIQ=s900-c-k-c0x00ffffff-no-rj
21,UC-0C8yVGJy-cS4FGlYKelWw,KBS 세계는지금,KBS 세계는 지금 공식 채널입니다.,"['세계는', '지금', '특파원보고', '국제시사', '우크라이나전쟁', '코로나19', '푸틴', '인플레이션', '제로코로나', '지구온난화']",,,대한민국,,2019-10-24,9,2024-10-09 17:00:16,0.0,0,https://yt3.googleusercontent.com/oZHH-z2DqPROJ7Z-dOAoiv6STJMNtP_OYOXSqGALYqgzNr_NMh2QptBymjUDVSRGGWWFFucOEw=s900-c-k-c0x00ffffff-no-rj
22,UC303RY51IROEr8N9ZGpm93g,선메아리,현역 성우로써 EBS비롯해서 각방송사와 배우로써의 노하우로 이방송을 통해서 많은 작품을 공유하려고합니다 성우 이의선,[],,,,,2020-01-30,23,2024-10-09 17:00:16,,0,https://yt3.googleusercontent.com/S6cmrlcQjexkbat17qCwZ9QOWS8P-JqJ6D_RLkT3Pl6gsEEkoKQrmVlo8-gM-gNWzHGTF1KOzA=s200-c-k-c0x00ffffff-no-rj?days_since_epoch=19887
23,UCa0iFt6o8dywjZn4wDTeAIw,Korean voice, 한국의 소리 Korean voice\n\nK Pop\n\nKorean Popular Music K-Pop 한국의 대중 음악 으로 불리는 노래가 한국의 댄스 음악 으로 규정할수 있을것이다\n대한민국에서 대중적 인기를 얻는 유행 음악을 말한다 가요라고 부르면된다 \n\nKorean popular music The song is Korean dance music will be able to define Getting popular in Korea talk about popular music You can call it gayo.\n\n\n\n\n\n\n,,,,대한민국,,2019-10-17,14,2024-10-09 17:00:16,0.0,0,https://yt3.googleusercontent.com/2h-stUIaFGyVPIy2WLdm4qyoY16L8vrEdWIuAYWZzqSswC-nHtHOqLz_9MriiFwpcwUZCWMu=s900-c-k-c0x00ffffff-no-rj
24,UCf0Bc7IKxbQLISHN8fJYSNg,Noby / 노비 처럼 일하다 가는 세상,"짝짝짝짝 축하드립니다!이 시대의 진정한 노가다 꾼들은 바로 """"당신"""" 입니다.우리는 모두 노비처럼 일하다 가는 세상에서 살고 있습니다.저 역시 마찮가지죠.앞으로 함께 '노다가' 속에서 살아갈텐데,지금부터라도 세상이 어떻게 돌아가고 있는지,조금이라도 쉽게 설명해 드리고 싶네요.99%에 가까운 진실에 1% 의견을 섞어 영상을 제작하는 Noby와 함께 떠나는 아파트 투어, 부동산 이야기문의 이메일  : nobynoby@naver.com노비(Noby) 입니다.저는 부동산 전문가는 아닙니다.하지만, 국내 1호, '부동산스토리텔러' 라고 말씀드리고 싶네요.아파트, 상가 등... 다양한 부동산에 대한 어려운 이야기들을여러분이 이해하기 쉽게 풀어서 해석해드리는 사람이 되고자합니다.부동산에 대한 이야기 하나만큼은 자신있게 쉽게 풀어들이고자 하는 채널이니 자주 방문해주세요.본 채널에서는 누구나 댓글을 게재할 수 있으나 내용의 책임은 게재한 본인에게 있습니다. 공식 입장이나 주제와 무관한 댓글, 악플은 사전 동의없이 삭제될 수 있습니다.채널 내 모든 영상은 허가 없이 무단으로 사용될 수 없습니다.(모든 영상은 '노비 처럼 일하다 가는 세상이다'에서 직접 촬영하고 소유하고 있습니다.)","['부동산', '노비', '아파트투어', '아파트', '임장', '아파트임장', '이야기', '투어', 'noby', '지금']",,,대한민국,,2013-01-17,4,2024-10-09 17:00:16,0.0,0,https://yt3.googleusercontent.com/ZpG214fbcaKIOTfBRYkDvvzLAwLcCGDL0vfZdT6xJVJ_XHmI-DBelUz1OaRPz27wYsuQrrPo=s900-c-k-c0x00ffffff-no-rj
25,UCH0GVd6rbLGwl3UspK7rTHA,드타,안녕하세요. 이메일 주소: yongbum8745@gmail.com,"['아르케랜드', '아르케', '아르캐랜드', '아르캐', 'srpg', '샬롯', '택틱스', '아르케렌드', '기사', '드타']",,,대한민국,,2014-05-17,5,2024-10-09 17:00:16,0.0,0,https://yt3.googleusercontent.com/QEMr6vATHctu2z6wTncNIXevvJemsMDldBDXZ0L_TgjyEu18hKrz4Y9aCat7SBTCDNZLWEy-yA=s900-c-k-c0x00ffffff-no-rj
26,UCr0uMKj593iSx4LltGHRBUg,겜빼미 GameOwl,여러가지 게임을 재밌게 하는 게임하는 올빼미 줄여서 겜빼미라고 합니다! 영상 재밌게 봐주시고 좋아요도 눌러주세용~,"['게임하는 올빼미', '겜빼미', '마인크래프트', '마크', '닌텐도 스위치', '젤다의 전설 야생의 숨결', '포켓몬 유나이트', '마인크래프트 괴담', '마인크래프트 방탈출', '마인크래프트 실험', '폴가이즈', '병맛 전쟁 시뮬레이터', '젤다무쌍 대재앙의 시대', '고전게임', '포켓몬스터 실드', '어몽어스', '마인크래프트 던전스', '슈퍼 스매시브라더스 얼티밋', '슈퍼 마리오 오디세이', '모여봐요 동물의 숲', '둠 이터널', '더 포레스트']",,,대한민국,,2012-12-23,5,2024-10-09 17:00:16,,0,https://yt3.googleusercontent.com/ncCfp61Z1nklhFCx_F8uAeU7yG_IHyzWf-nXqShQxdnDDXDRni5klpwNmQXAy5PU4zNtjfKOC_A=s200-c-k-c0x00ffffff-no-rj?days_since_epoch=19887
27,UCm69xuysxVgNuRpmXCiXlPw,힙합갤러리,여러분들에게 항상 좋은곡을 들려드릴려고 노력하겠습니다.\n모든영상의 저작권은 해당 래퍼분들에게 있습니다.\n영상제작 문의: ybhiphopgallery@gmail.com,,,,대한민국,,2020-10-30,87,2024-10-10 17:00:16,0.0,6,https://yt3.googleusercontent.com/W828STyhmd5zRPBslx0SuD-jR0Fy3ypNtQo1k-NUfUSLOK7JUVxeVbpBW6EjQakOuYDT4BiJcA=s900-c-k-c0x00ffffff-no-rj
28,UCJC3eND1vV_MR_UJB7-E9LQ,민카롱,ⓔ mincarong@dmil.krⓘ https://www.instagram.com/fallininm/copyright ⓒ민카롱,"['민카롱', '데일리메이크업', '쿨톤', '웜톤', '메이크업', 'mincarong', '쿨톤메이크업', '일상메이크업', '웜톤메이크업', 'GRWM']",,,대한민국,"https://www.instagram.com/fallininm/,https://www.instagram.com/fallininm/",2019-12-04,41,2024-10-10 17:00:17,0.0,c,https://yt3.googleusercontent.com/SbmZxDuyHq0I4abZFXnY1AnT5wAUgSv1t5_5l0HOCHhhLRjfgRitW2C3IcS3gNsxOQ1nlszuvg=s900-c-k-c0x00ffffff-no-rj
29,UCVcLszfUBN9rTmc0A0uDRSQ,KBC 뉴스,KBC 뉴스 공식 유튜브 채널입니다.매일 새롭게 올라오는 뉴스를 받아보시려면 구독과 알림설정 부탁드립니다.,"['kbc', 'kbc광주방송', '뉴스', '깨비씨', '다시보기', '광주', '민주당', '촌철살인', '영상', '사건']",,,대한민국,"https://www.instagram.com/kbc__news/,http://www.ikbc.co.kr/kor,https://media.naver.com/press/660,https://www.instagram.com/kbc__news/,http://www.ikbc.co.kr/kor,https://media.naver.com/press/660",2019-03-15,9,2024-10-10 17:00:16,0.0,c,https://yt3.googleusercontent.com/ZDJHfZ0FlyJ20O-i62quHZPGhEAa4Qm10dk6kCJ2INvhMimO7Jva42yQwRbHC-84p6u-FY-J=s900-c-k-c0x00ffffff-no-rj
30,UCxCsxXsJPDMfjcXEEV09m9w,바오랑 CHINA는 클래스,실시간 푸바오 소식❤️ 판다 Happy life 요리 여행 중국,"['푸바오', '마카롱', '판다', 'panda', '요리', 'cook', 'fubao', 'china travel', '중국여행', '여행']",,,대한민국,,2014-10-02,0,2024-10-10 17:00:16,,C,https://yt3.googleusercontent.com/16culhGG5VS1em0EvUTERHrs0lJ1LxOBSO5CCYt2M5HuOXfu3q4hSCVw-TJ2VCcLhdGh_ZIJ=s200-c-k-c0x00ffffff-no-rj?days_since_epoch=19887
31,UCYCb_mX7P1xKrB5iaT8y0Wg,엑스포로131,TJB 대전방송이 알려주는 충격적인 사건사고와 흥미진진한 이야기들!\n,,,,대한민국,,2019-11-28,10,2024-10-10 17:00:16,0.0,c,https://yt3.googleusercontent.com/VbN5jUMLAmL8uz1EPEouaBZB6LEBlHc5g3WALc-DHnYmFD1YK0n7qZ0t_xQSYJVW1QXg4w3YzA=s200-c-k-c0x00ffffff-no-rj?days_since_epoch=19970
32,UCid3cohbMuIdWmTz_Fk23Vw,용한일꾼 Tv,,"['의성군', '단북면', '단밀면', '의회', '회장', '안계', '다인면', '의성', '다인', '향우회']",,,empty,,2021-03-20,14,2024-10-10 17:00:17,0.0,d,https://yt3.googleusercontent.com/iAaxt_UsRkLZtfbFQ_Y5WKLaqIKt-PDnpm2V5rPIQm_IRBlqGYUehS93lqTOhsqk5ybplYUc8cc=s900-c-k-c0x00ffffff-no-rj
33,UCidvkcmgcC600uqGbu-fbMQ,다빈,외장하드 들어가기 전 올리는 채널,,,,,,2015-11-29,14,2024-10-10 17:00:16,0.0,d,https://yt3.googleusercontent.com/Z9Ny0wzto_L19OOQxTVCii7ajM8SByMEG74i9iOTge0dgrusz3CRJcD8Mxitwr1i9hG0Fmm1IA=s900-c-k-c0x00ffffff-no-rj
34,UCLDlamSGPyVt9jB-IgJUdDg,스마트청구,보험회사 지점장의 모든 것 (feat. 신PD),"['리쿠르팅', '영업직', '자영업', '사업', '사장', '초보사장', '영업관리', '보험설계사', '다단계', '네트워크마케팅', '보험']",,,대한민국,open.kakao.com/o/skFjxChg,2017-09-07,86,2024-10-10 17:00:16,,D,https://yt3.googleusercontent.com/ZzhuwwGbAny9m7BNpBtoKeMWQm5PrSc_t2v9wPbMqoKIAqWHJHOTlcr82NEY56T7KTRjs_WOyg=s200-c-k-c0x00ffffff-no-rj?days_since_epoch=19887
35,UCZE0CrbZaXylHJ36l_kXgSw,T1덕후 티빠,"\""""T1 좋아하는 사람 구독\""""\n\n* 선수를 향한 도를 넘는 댓글은 발견 즉시 삭제하니, 자신의 댓글이 삭제됐다고 서운해 하시면 안됩니다?\n",,,,,youtube.com/@T1Luv111,2021-12-27,90,2024-10-10 17:00:16,0.0,e,https://yt3.googleusercontent.com/qi5oZi6Ozbc_zgbOEm5YfcRIzg7KbMoFPNoNqX0kQwxZoCoAN7nFSHZxDO1PVVbOxGl_9vAh=s900-c-k-c0x00ffffff-no-rj
36,UC2fNt6XqBzBhvty-vmITXXA,목포MBC뉴스,"바다와 섬, 농촌을 사랑하는 목포MBC 기자들이 취재한 알찬 소식만 담았습니다.","['목포mbc', '뉴스데스크', 'news', '유튜브뉴스', '지역', '낭만항구', '지방분권', '경제', 'mbc뉴스', '지역방송']",,,대한민국,"http://www.mpmbc.co.kr/,https://www.facebook.com/mpmbc.news/,https://www.youtube.com/channel/UCKgxSXLFNJ4vM4DaWyruRyQ/featured,http://www.mpmbc.co.kr/,https://www.facebook.com/mpmbc.news/,https://www.youtube.com/channel/UCKgxSXLFNJ4vM4DaWyruRyQ/featured",2015-01-05,93,2024-10-10 17:00:16,0.0,f,https://yt3.googleusercontent.com/ytc/AIdro_l2CPa6FQQTIvPmPvQWGQEABVG4hDmZUCs6zM4Cq0P4nLc=s900-c-k-c0x00ffffff-no-rj
37,UC9F9mT2pkOanNLVPtUjoydg,데이터충돌,,,,,,,2013-06-19,17,2024-10-10 17:00:16,0.0,f,https://yt3.googleusercontent.com/4HaZqH6Rjt163c14mj20qoXQ3CJiuYfABO8G_LILYfYgaG3QYZ1T2U3J8W_TlciVyRt8SdZq=s900-c-k-c0x00ffffff-no-rj
38,UC9FhdNhixBiu4LUNyQY5fag,에슈비_서울대학교 방송 SUB,서울대학교 방송 SUB 공식 YouTube 채널입니다.,"['서울대학교', '서울대', '에슈비', '방송부', '서울대방송', '나눔템플릿', '밸런스게임', '서울대생', '학생', '대학생']",,,대한민국,"http://www.facebook.com/snusub,https://www.facebook.com/subnewsdesk/,http://www.facebook.com/snusub,https://www.facebook.com/subnewsdesk/",2014-07-31,39,2024-10-10 17:00:16,0.0,f,https://yt3.googleusercontent.com/ytc/AIdro_nvo2v67YexaWwZdZy5IznQbNdeAudf7M0_jrgEMHYM0y8=s900-c-k-c0x00ffffff-no-rj
39,UCBf372Fk9hC3ENdmbnOVcdA,하나비전교회,"하나비전교회 공식 유튜브채널입니다.  * 담임목사 : 김종복목사http://www.hanavision.or.kr 섬김의 영성을 통해 하나님 사랑과 이웃 사랑을 실천하고, 장애인과 비장애인이 더불어 함께 편견 없는 세상을 꿈꾸며,건강한 가정을 세우기 위해 힘쓰는 교회입니다.* 주소 : 인천광역시 남동구 은봉로 159(숲속마을1단지 앞)","['하나비전교회', '비전교회', '교회학교', '예배', '김종복목사님', '영상예배', '온라인예배', '교회예배', '학교영상', '요송']",,,대한민국,,2020-02-04,13,2024-10-10 17:00:16,0.0,f,https://yt3.googleusercontent.com/ytc/AIdro_mAhYIPKlGHvI0SzdYaNhF5tD6A2sNNJ5YzUQmEsAMHYA=s900-c-k-c0x00ffffff-no-rj
40,UCbF57zONeAMxsB0EGCTW6iA,종이의 TV,마지막 민주주의종이의 후원 : 국민 632302-04-024991 박ㅈㅇ 페이팔 : paypal.me/papertv투네이션 : https://toon.at/donate/636909380008931583문의/제보 : jeboyou1@gmail.com눈치 안 보는 종이의 TV방구석 유튜버였다가 4.15 문제로 인해 현장으로 뛰어가게 된 종이,"['가세연', '신의한수', '부정선거', '블랙시위', '우한갤러리', '우붕이', '우갤', '1인시위챌린지', '홍철기', '윤석열']",,,대한민국,"paypal.me/papertv,https://toon.at/donate/636909380008931583,paypal.me/papertv,https://toon.at/donate/636909380008931583",2019-01-26,93,2024-10-10 17:00:16,0.0,f,https://yt3.googleusercontent.com/ytc/AIdro_lGjjHYr4iyurdTYF8_GoMGbXyE1moq24jAgz8m76_j0hI=s900-c-k-c0x00ffffff-no-rj
41,UCEFjztPRGAJe75dDnyawSyg,시니어학당,"좀더 나은 노년을 보내기위한 공부방입니다. 지식과 교양을 갖춘  당당한 어른 역할을 하고자 하는  시니어들의 지성과 행복,열정을 추구합니다. 한문.한시,인터넷,컴퓨터,스마트폰,시와 시조창.역사 등...구독 눌러주세요.","['시니어학당', '고두석', '훈장', '서당', '한문', '유튜브', '동영상', '업로드', '기초', '강좌']",,,대한민국,,2018-10-30,33,2024-10-10 17:00:16,0.0,f,https://yt3.googleusercontent.com/bdAL-iCtK5qwPLrSHW4iJArw2KOIoSzz2Dh8yBl-4Vk2AhrQIaqpxV5mdsaaZQszLLxwZtteVG4=s900-c-k-c0x00ffffff-no-rj
42,UCVH_A0kHGbYmPm6QBQOY0fw,풍란과동행,,[],,,,,2021-04-15,0,2024-10-10 17:00:16,,H,https://yt3.googleusercontent.com/eKPpUxYGIOVWuLgkYdCAnFUXMMpJDjFqJWbuF9JjvCrDZo7Np2TN4nRSP18u9Cg_gBf5_G9FcA=s200-c-k-c0x00ffffff-no-rj?days_since_epoch=19887
43,UCQI_nxiwhUKMZ4yqHqOfqTw,대한언론인회 kjtv,1. 언론상 시상\n2. 언론관계 세미나\n3. 회원 복지사업 \n,,,,,kjclub.or.kr,2023-03-04,9,2024-10-10 17:00:16,0.0,i,https://yt3.googleusercontent.com/gg4cdLmHdlK9-1apfEZuPHPBbmhat8O_sDeB5AuPMSyJPv4xrxMf1w7Oz-W7qGnxc-uDhFeB=s900-c-k-c0x00ffffff-no-rj
44,UCTIUdQ2aqPILOb3rqdH00KA,차스퍼,"1. ( BTCEX 거래소 거래 수수료 할인)* BTCEX 거래소 회원가입 링크 (거래 수수료 20% 할인): https://www.btcex.com/ko-kr/register?i=fjlatgs2* BTCEX 거래소 현물 거래 링크(거래 수수료 20% 할인): https://www.btcex.com/ko-kr/spot?i=fjlatgs2* BTCEX 거래소 선물 거래 링크(거래 수수료 20% 할인): https://www.btcex.com/ko-kr/perpetual?i=fjlatgs2* BTCEX 거래소 6월 거래대회. 총 상금 50,000 USDT: https://www.btcex.com/ko-kr/trading-competition?i=fjlatgs2&id=16630629888702. (MEXC 글로벌 거래소  거래 수수료 할인)* MEXC  거래소 회원가입 링크( 거래 수수료 할인):  https://www.mexc.kr/ko-KR/register?inviteCode=mexc-1ah5W","['리플', '비트코인', '트론', '디지털화폐', '차트', '이더리움', '에이다', '가상화폐', '도지코인', '코인']",,,대한민국,,2022-01-24,2,2024-10-10 17:07:40,0.0,i,https://yt3.googleusercontent.com/xEKQtyWdeyoDWNEBUNXkGjLfIK6sLQ7yUkUylUvPFkKyf1Y4HXc4md5AD6ukSaYdKsHVsnGZU3c=s900-c-k-c0x00ffffff-no-rj
45,UCgJ5pT6S2NuTVP-6-AlLZew,토마토증권통,"대한민국 No.1 꿀맛 증권경제 전문채널!\n토마토증권통은 2002년 TomatoTV로 송출을 시작한 증권/경제 전문방송입니다.\n\""""맛있는 방송, 먹여주는 방송\""""을 슬로건으로 24시간 증권/경제/재테크 방송을 송출하고 있습니다.\nKT GenieTV 185번/ LG U+ 165번/ SK btv 150번/ Skylife 94번\n\n\n청정언론, 싱싱한 뉴스, 멀티미디어 경제매체 뉴스토마토를 만나보세요\n\n 뉴스토마토 구독 신청 바로가기 (ARS 02-2128-3874)\nhttps://tomatoprime.com:446/subscription/Sub.aspx\n",,,,대한민국,"tomatostocktong.com,https://tomatoprime.com:446/subscription/Sub.aspx",2014-12-07,1,2024-10-10 17:00:17,0.0,j,https://yt3.googleusercontent.com/6tQEw4b55Us6SPkqqqCtDC4s8rl--EGHFkX4CGgo1Kcwj0NDnVG4sFu-DCDU3tHBf0qlIiKzkA=s900-c-k-c0x00ffffff-no-rj
46,UCTJR69L4Ds--nbD1gOmSNPQ,소비자게임론, 고전게임 및 여러 게임을 소비하고 여러분들과 추억을 공유하기 위한 채널입니다! ,,,,대한민국,,2023-01-08,5,2024-10-10 17:00:16,0.0,j,https://yt3.googleusercontent.com/yK5KgK1gcnfXzh1mqqc44LMTkZffAzA2Xu1yGCQJb1mgzVcww0c0emBoqbCQF1qub-pF5Z7YJw=s900-c-k-c0x00ffffff-no-rj
47,UC2k32PeHEJUySITHpPeqN6w,아이더 EIDER,EIDER Official YouTube,"['eider', '아이더', 'outdoor', '아웃도어', '이더', '박보검', '장원영', '패딩', '아이', '더로드']",,,대한민국,"https://www.k-village.co.kr/eider,https://www.instagram.com/eider.official/?hl=ko,http://www.facebook.com/eiderfriends,https://blog.naver.com/eiderfriends,https://www.k-village.co.kr/eider,https://www.instagram.com/eider.official/?hl=ko,http://www.facebook.com/eiderfriends,https://blog.naver.com/eiderfriends",2011-03-31,57,2024-10-10 17:00:17,0.0,k,https://yt3.googleusercontent.com/Hn-zyN9MHwEmac4N8yIcslPLVzuRev6cc6uiRSxZ_OulxnxyJ2fektCDHSMD6lUR2IJ_IksNvA=s900-c-k-c0x00ffffff-no-rj
48,UC6NBV9uw6D9vxKOFlcNpR9w,강산부동산TV,"강산부동산 공식 유튜브 채널입니다.포항.경주.영덕.울진 부동산 매물 중개합니다.부동산 중개업 19년의 경험으로 최고의 매물을 최선을 다해 소개해 드리겠습니다.밴드 부재투-포항부동산정보를 검색하세요회원7,500여명과 실시간 매물정보와 포항개발정보를 보실수 있습니다.'부재투-포항부동산정보' 밴드https://band.us/n/a7a04bYb62F02","['포항부동산', '부재투', '강산부동산', '홍웅경소장', '포항부동산정보', '포항아파트닷컴', '휴대폰홈페이지', '강산부동산tv', '유튜브체널', '포항전원주택']",,,대한민국,"https://phapt.com,https://band.us/@phkangsan,https://www.instagram.com/pohang_kangsan/,https://blog.naver.com/toytopic,https://cafe.naver.com/phland,http://cafe.daum.net/phland1,https://www.facebook.com/bujetoo,https://phapt.com,https://band.us/@phkangsan,https://www.instagram.com/pohang_kangsan/,https://blog.naver.com/toytopic,https://cafe.naver.com/phland,http://cafe.daum.net/phland1,https://www.facebook.com/bujetoo",2019-09-21,4,2024-10-10 17:00:16,0.0,n,https://yt3.googleusercontent.com/9bvNCcNB6Wck2juSbFGpL8pENWmd3OsCJ_aV_sWlr021gJKztdHpPjI-JEu79WlFnPpxCdSkbg=s900-c-k-c0x00ffffff-no-rj
49,UC6nGdjUKN63ohipZJ7itLqA,김희동,MC가수김한순,"['가수', '동영상', '초대가수', '새마을', '예술단', '장미공원', '사랑', '단장', '인생', '사랑이']",,,empty,,2015-12-16,14,2024-10-10 17:00:17,0.0,n,https://yt3.googleusercontent.com/wHJvvS6yaVXpLmFITDnSBRu7FC-g4_3HvPhubgS-HP_wnDoJkQePZhlbDd1ynP1Opqv8uEAi-0o=s900-c-k-c0x00ffffff-no-rj
50,UC6nukbhpeX-JGwKrbAFfM8A,리온인베스트먼트,해외선물을 누구나 쉽게! 한눈에 추세를 볼 수 있는 직관적인 지크차트를 만나보세요!?고객센터 (평일 09:00-18:00)010-5762-1243?실시간 방송국 - Apro (구 freecap) 방송국https://st.freecap.afreecatv.com/heekwean/home?Youtube 방송국https://www.youtube.com/c/리온인베스트먼트?라이브 방송시간 : 월 화 수 목 금[항    셍] 10시 00분  - 12시 00분[나스닥] 22시 30분 - 00시 30분?오픈 카톡 '리온 해외선물' 검색 (코드: 전화문의)https://open.kakao.com/o/gGQP58Hc?리온인베스트먼트 교육 카페 https://blog.naver.com/lioninvestment1130?리온인베스트먼트 블로그https://blog.naver.com/lioninvestment1130#리온인베스트먼트 #해외선물 #키움증권 #영웅문 #글로벌 #HTS #지크차트 #지니리딩 #모의투자 #나스닥 #항셍 #골드 #오일,"['리온', '해외선물', '인베스트먼트', '모의투자', '비트코인', '기초강의', '바이비트', '주식', '업비트', '지크차트']",,,대한민국,"https://cafe.naver.com/lion6626,https://open.kakao.com/o/gGQP58Hc,https://st.freecap.afreecatv.com/heekwean/home,https://blog.naver.com/lioninvestment1130,https://www.instagram.com/lioninvestment_/,https://cafe.naver.com/lion6626,https://open.kakao.com/o/gGQP58Hc,https://st.freecap.afreecatv.com/heekwean/home,https://blog.naver.com/lioninvestment1130,https://www.instagram.com/lioninvestment_/",2020-06-26,2,2024-10-10 17:00:16,0.0,n,https://yt3.googleusercontent.com/qeMZPsNPLT0ASNqLBAmTX_3nclyY5QoZ27kFgMsPdqPq1nTlNk4ehK16RFnMa5FjRBekkrvD_w=s900-c-k-c0x00ffffff-no-rj
51,UC8NfltsPPpEpH4ZZk7seQlw,품바복순이?,"구독,좋아요,알람설정 꾹!","['youcut', '품바', '복순이', '공연', '장구', '휴게소', '통진', '1년', '각설이타령', '난타']",,,empty,,2016-04-12,14,2024-10-10 17:00:16,0.0,n,https://yt3.googleusercontent.com/zu8drTilhMMkshIOaQD5qVsXhgeOh9TDKMqJfNqsbX2NSzlnJ_CKPOcp9ql0ay29-E_0Ba9c=s900-c-k-c0x00ffffff-no-rj
52,UC8ng6Z03LByFKtPYDfG0hxg,"다담, 다육 이야기 Dadam story","안녕하세요~ 다담, 다육 이야기 입니다! 다육이의 이야기를 담아보려고 합니다 ~ 많은 응원과 관심부탁드립니다😀 구독과 좋아요 꼭 눌러주세요💛","['다육이', '다육맘']",,,대한민국,,2020-08-06,48,2024-10-10 17:00:16,,n,https://yt3.googleusercontent.com/wPduy65KiDaxm1XU0OGd8Vu0xmU2fgciFKX5tM5nkVRr5-C3PMd2828UhGnknV4Zz2z8vJzg2g=s200-c-k-c0x00ffffff-no-rj?days_since_epoch=19887
53,UC9nMI127g4Asi_oxJRL0RqA,강적들,TV CHOSUN 시사토크쇼 [강적들] 공식 유튜브 채널\n\n? : tvchosunagora@gmail.com \n\n⚙️ : Studio Agora\n,,,,대한민국,,2018-07-02,93,2024-10-10 17:00:16,0.0,n,https://yt3.googleusercontent.com/hf6fwGYMfObAnNguGpuXDhlIUUtW_5lIERp013c3PjkXpAIhQdjNVFRHFM3bcwAGkqpb-mZ-Rd8=s900-c-k-c0x00ffffff-no-rj
54,UCaN9OZRgZe_40KXFQ4dMxAA,뉴스 컨트롤,,[],,,,,2008-03-04,1,2024-10-10 17:00:16,,N,https://yt3.googleusercontent.com/ClzVi4g5bQAKe8KomjMydKxgh854AR2R6hrZJ0VclVz10-RZS3R7yKAti_867YTRJDNuMkqEYMI=s200-c-k-c0x00ffffff-no-rj?days_since_epoch=19887
55,UCcNsyWRIKnHkSxJnGlSzeuA,글로 (glo Korea),글로 공식 유튜브 채널입니다.글로의 다양한 소식을 만나보세요.※ 만 19세 이상 성인만을 위한 계정입니다.?전자담배는 중독성이 있으며 인체에 유해할 수 있습니다.,"['글로', '전담', '전자담배추천', '궐련형전자담배', 'glo', '전자담배', '글로하이퍼x2', '하이퍼', '즐거움을부스트', '새롭게나답게']",,,대한민국,"https://www.discoverglo.co.kr/,https://www.discoverglo.co.kr/",2018-11-12,49,2024-10-10 17:00:17,0.0,n,https://yt3.googleusercontent.com/MkMze7r5dhXJoH1sKuWzAlgcaiy60v5-W3IeU3gOBHBI7WD9n5f0sYHCRW6bWPsYK3R8vNg7=s900-c-k-c0x00ffffff-no-rj
56,UCJnCQ7zmCIztHucgH0hg1TQ,Anikkanice,Watch ▶4K60fps▶ videos on my Patreon Thank you for supporting me 👇👇👇 patreon.com/Anikkanice666,[],,,대한민국,patreon.com/Anikkanice666,2023-11-30,52,2024-10-10 17:00:16,,n,https://yt3.googleusercontent.com/GrF7oXquQIJ0aYqN7U8jek-Vbc8k504lmN5D31w4z3wQyPquqCdJvKAtQm3dfXn1T9U57-SMGQ=s200-c-k-c0x00ffffff-no-rj?days_since_epoch=19887
57,UConQyxlwPlR8yC0bUNCT_JA,코인대학TV - 졸업하는 그 날까지,"🔺안녕하세요. ""코인대학TV"" 에 오신 것을 환영합니다. 🔺검증되신 전문가 분들로 구성되어 좋은 정보를 드리고 있습니다. ✅구독, 좋아요, 댓글로 채널 운영에 큰 참여를 부탁드립니다. 방문해 주시고 시청해 주셔서 대단히 감사합니다!","['코인방송', '코인추천', '급등코인', '코인리딩', '코인추천', '코인종목추천', '코인물렸을때', '코인대응법', '코인상담', '비트코인', '이더리움', '솔라나', '솔라나코인', '비트코인캐시', '비트코인에스브이', '앱토스', '엑시인피니티', '가스코인', '온톨로지', '온톨로지가스', '쓰레스홀드', '이뮤터블엑스', '멀티버스엑스', '이더리움클래식', '시빅코인', '스트라티스', '하이브', '하이파이', '웨이브', '솔라코인', '아이오타', '업비트상장', '시아코인', '밀크코인', '보라코인']",,,대한민국,,2016-04-21,93,2024-10-10 17:00:16,,n,https://yt3.googleusercontent.com/XNsyII0ALLbn5KkzA69eDJsBHvTUXDYF3xGLhDGEjkxLtuV31o1GXszPO7CGF18ds4-8HUz-Kj0=s200-c-k-c0x00ffffff-no-rj?days_since_epoch=19888
58,UCjQyihEH9NbeYVMeC8NBnqw,이태무미디어tv,사랑술에 빠진 즐거운 나의인생이 그리워 그리워진 뉴타운 잘 살아보세 ~.^♡,,,,대한민국,,2012-11-18,14,2024-10-10 17:00:17,0.0,q,https://yt3.googleusercontent.com/WbuS68LQoJ1ZBRwAYJqyXfDCrLTZWmBzFyQrbT57bNH9MBrq3u-WliTe7z4hR5aSgrW54FwJHQ=s900-c-k-c0x00ffffff-no-rj
59,UCbR7bnw-DhlR-Yz-Nfsmraw,천안TV(CATV)-천안신문,CA미디어그룹 천안신문과 함께하는 천안TV(CATV),"['천안', '뉴스', '천안시', '더불어민주당', '이재명', '천안중앙시장', '천안신문', '현장영상', '박상돈', '축제']",,,대한민국,"http://www.icj.kr,http://www.assinmun.kr,http://gongjuilbo.kr/,http://www.nonsanilbo.kr/,http://www.taeanilbo.kr,http://boryeongilbo.kr/,http://seosanilbo.kr/,http://seocheonilbo.kr/,http://dangjinilbo.kr/,http://yesanilbo.kr/,http://sjonlinenews.kr/,http://hongseongilbo.kr/,http://www.icj.kr,http://www.assinmun.kr,http://gongjuilbo.kr/,http://www.nonsanilbo.kr/,http://www.taeanilbo.kr,http://boryeongilbo.kr/,http://seosanilbo.kr/,http://seocheonilbo.kr/,http://dangjinilbo.kr/,http://yesanilbo.kr/,http://sjonlinenews.kr/,http://hongseongilbo.kr/",2017-05-11,9,2024-10-10 17:08:26,0.0,r,https://yt3.googleusercontent.com/yeiKukZktm-ihjRvIykt-LuRojMPybZt_PVs8IL5REnu86Y1nRuQWSXBBWc6Iucfvca6d8jVYQ=s900-c-k-c0x00ffffff-no-rj
60,UCgR-jSNZobWWB6pV1FQhLXg,중국사입 스월백,중국 사입 하고 있는 24살 평범한 셀러 입니다 Contact: sopthfg99@naver.com,[],,,,"swb.liveklass.com/classes/178495,open.kakao.com/o/gXxhfh9f,blog.naver.com/swback_,cafe.naver.com/pocketcampapp",2012-05-04,48,2024-10-10 17:00:16,,R,https://yt3.googleusercontent.com/H7BGJ4zKbmvCioC4LVjPCe-C7RH0ouckBMCEiI0mxNmRcnBdhHUaAOG8ydgxzb0VGopIoRpVFA=s200-c-k-c0x00ffffff-no-rj?days_since_epoch=19887
61,UCtYi-duCpntglMpy5fAvvrQ,괜찮닭,,"['후기', '2년', '평점', '추천순위', '판매', '가성비', '비교', '2월', '1월', '여성']",,,영국,,2011-07-14,24,2024-10-09 17:00:16,0.0,y,https://yt3.googleusercontent.com/KXBv9PEuc-HBw54CO3FBJmw83QYbzpLNm69lSsr5HffptMLkfxbJB5l_p4cuns4wp__R_wOXHw=s900-c-k-c0x00ffffff-no-rj
62,UCwySvjegLV4Fut1MeHI3b4g,김포꿈꾸는교회,김포 꿈꾸는교회 http://www.gpdc.kr/,"['교회', '김포', '꿈꾸는', '김포꿈꾸는교회', '온라인예배', '주일예배', 'ccm', '온라인찬양', '찬양', '주일']",,,empty,,2018-10-21,13,2024-10-09 17:00:16,0.0,y,https://yt3.googleusercontent.com/ytc/AIdro_ndf2qnDf9_2Mbk7yIjmXOasZdUmQ96vRC0RGRj8Aok=s900-c-k-c0x00ffffff-no-rj
